-- phpMyAdmin SQL Dump
-- version 4.9.7
-- https://www.phpmyadmin.net/
--
-- Host: localhost:3306
-- Generation Time: Sep 04, 2021 at 11:11 AM
-- Server version: 5.7.23-23
-- PHP Version: 7.3.28

SET SQL_MODE = "NO_AUTO_VALUE_ON_ZERO";
SET AUTOCOMMIT = 0;
START TRANSACTION;
SET time_zone = "+00:00";


/*!40101 SET @OLD_CHARACTER_SET_CLIENT=@@CHARACTER_SET_CLIENT */;
/*!40101 SET @OLD_CHARACTER_SET_RESULTS=@@CHARACTER_SET_RESULTS */;
/*!40101 SET @OLD_COLLATION_CONNECTION=@@COLLATION_CONNECTION */;
/*!40101 SET NAMES utf8mb4 */;

--
-- Database: `lotusn1j_pharmaadmin`
--

-- --------------------------------------------------------

--
-- Table structure for table `answers`
--

CREATE TABLE `answers` (
  `id` int(10) UNSIGNED NOT NULL,
  `question_id` int(11) NOT NULL,
  `ansa` varchar(191) COLLATE utf8mb4_unicode_ci NOT NULL,
  `ansa_img` varchar(191) COLLATE utf8mb4_unicode_ci DEFAULT NULL,
  `ansb` varchar(191) COLLATE utf8mb4_unicode_ci NOT NULL,
  `ansb_img` varchar(191) COLLATE utf8mb4_unicode_ci DEFAULT NULL,
  `ansc` varchar(191) COLLATE utf8mb4_unicode_ci NOT NULL,
  `ansc_img` varchar(191) COLLATE utf8mb4_unicode_ci DEFAULT NULL,
  `ansd` varchar(191) COLLATE utf8mb4_unicode_ci NOT NULL,
  `ansd_img` varchar(191) COLLATE utf8mb4_unicode_ci DEFAULT NULL,
  `question_desc` text COLLATE utf8mb4_unicode_ci NOT NULL,
  `created_at` timestamp NULL DEFAULT NULL,
  `updated_at` timestamp NULL DEFAULT NULL
) ENGINE=MyISAM DEFAULT CHARSET=utf8mb4 COLLATE=utf8mb4_unicode_ci;

--
-- Dumping data for table `answers`
--

INSERT INTO `answers` (`id`, `question_id`, `ansa`, `ansa_img`, `ansb`, `ansb_img`, `ansc`, `ansc_img`, `ansd`, `ansd_img`, `question_desc`, `created_at`, `updated_at`) VALUES
(1, 1, 'Suscipit aut in qui.', NULL, 'Libero error quo fugit.', NULL, 'Ratione sapiente dignissimos ratione.', NULL, 'Nihil veniam et totam qui.', NULL, 'Neque vel rerum placeat beatae ratione ducimus voluptatibus. Quae alias voluptatem est ratione. Vel beatae provident aperiam itaque nihil ipsa quasi et. Velit dolores est eaque ut. Beatae enim aut nisi iste iusto sit neque. In inventore qui sint ex quia est. Aut omnis cum vel atque.', '2018-01-29 08:30:49', '2018-01-29 08:30:49'),
(2, 2, 'Deleniti perferendis blanditiis nisi eaque ut.', NULL, 'Molestias quis laboriosam beatae ea sed itaque.', NULL, 'Voluptates soluta qui quis.', NULL, 'Est earum in ipsam a.', NULL, 'Sint quia sequi ipsam reiciendis fugiat sunt dolorem. Incidunt aliquam distinctio et laboriosam deserunt aut tempore. Laudantium aut nobis explicabo omnis minus. Aut provident voluptatem molestias ut minima tempore aut. Velit magni sapiente voluptatem est tenetur amet.', '2018-01-29 08:30:49', '2018-01-29 08:30:49'),
(3, 3, 'Aliquid totam omnis doloremque et.', NULL, 'Voluptas quo sed et rerum.', NULL, 'Temporibus numquam omnis nam.', NULL, 'Qui incidunt inventore rerum eum et.', NULL, 'Quia hic quod sed. Architecto laborum est quis aut. Minima dicta blanditiis velit deserunt ea quia. Dolores non dolorum officiis rerum. Exercitationem iusto nihil magnam sunt reiciendis dolorem qui nisi. Totam sit et dignissimos excepturi quia aspernatur.', '2018-01-29 08:30:49', '2018-01-29 08:30:49'),
(4, 4, 'Voluptatum beatae iure ut.', NULL, 'Eligendi velit in quia delectus quasi ipsam.', NULL, 'Iure nisi esse sit alias quidem harum.', NULL, 'Dolor non voluptatem perferendis.', NULL, 'Sint sint cupiditate sapiente harum facere ut. Iste et aliquid assumenda blanditiis et vitae. Voluptatem neque dolorum dolor. Nam quidem quia dolores minus sit quia est ipsa. Sint sint velit deleniti dolorem non non a. Ex nostrum est ut dolor labore aut dolor. Molestiae dicta quam quos est earum sed. Hic dolorem odit ut est rerum. Accusamus dolore quia sequi. Ullam tempora et sunt sit quia eos.', '2018-01-29 08:30:49', '2018-01-29 08:30:49'),
(5, 5, 'Eos possimus illo voluptas est similique minus.', NULL, 'Reprehenderit illum accusamus ipsa et dolore quod ipsum.', NULL, 'Laboriosam deserunt iure error.', NULL, 'Laborum in est dicta voluptas.', NULL, 'Veniam praesentium accusantium quia ea quibusdam eos. Qui est nulla eaque ut et laudantium illo. Facilis repellendus voluptates iure nam quam tenetur odio. Dolorem voluptatem reiciendis tempore laudantium accusantium nesciunt qui autem. Qui reprehenderit libero illum rerum nihil tenetur. Nihil minus quis quia. Excepturi et qui quia alias. Nemo eaque perferendis porro. Iste nesciunt qui sint autem. Est quos pariatur debitis est sunt. Explicabo veniam iste impedit provident assumenda sunt quo. Modi corrupti laudantium corporis maxime fugiat.', '2018-01-29 08:30:49', '2018-01-29 08:30:49'),
(6, 6, 'Et suscipit quod eos nostrum.', NULL, 'Enim molestiae consectetur iure laborum.', NULL, 'Id et minima modi.', NULL, 'Optio quo omnis labore ipsum veritatis sint.', NULL, 'Laudantium voluptas nam aperiam non quia. Dolor rerum sint ea sed sapiente temporibus. Nesciunt incidunt voluptates error id aliquam. Expedita autem deserunt eos vel. Repellendus alias molestias et omnis commodi nisi iusto. Excepturi magnam ipsum ipsa ut aut perspiciatis dolor quos. Sunt inventore corrupti sed eius dignissimos quia. Omnis enim tempore quo cum id et molestiae. Ea doloremque quia quidem magni. Explicabo aut a quia doloribus deserunt.', '2018-01-29 08:30:49', '2018-01-29 08:30:49'),
(7, 7, 'Repudiandae quo officia aliquam aperiam eos reprehenderit aspernatur.', NULL, 'Quisquam nam cumque quasi voluptate quisquam consequatur.', NULL, 'Accusamus dolorem voluptatem dicta iure provident qui.', NULL, 'Commodi explicabo modi nostrum incidunt voluptatem ipsam eum in.', NULL, 'Sequi omnis ducimus numquam ut consectetur autem. Ipsum odio ipsa veritatis quam officia. Laborum et ullam magnam distinctio. Tempora asperiores est quidem quibusdam sed nemo aliquam. Voluptate eius autem odit est praesentium. Commodi vitae quia nulla veritatis id omnis voluptates. Laboriosam et iste porro modi saepe velit reiciendis velit. Quia expedita sunt eos quisquam amet dignissimos.', '2018-01-29 08:30:49', '2018-01-29 08:30:49'),
(8, 8, 'Facere perspiciatis ut assumenda quae sequi recusandae voluptas.', NULL, 'Quasi deserunt voluptatibus iste ad perferendis eligendi.', NULL, 'Fugit nemo enim expedita in repellendus.', NULL, 'Aut voluptas autem fuga mollitia.', NULL, 'Quam neque minus dolores a est corrupti. Similique commodi sit asperiores deserunt nostrum quo. Porro et deleniti mollitia dolores ipsa veniam nihil placeat. Praesentium suscipit quisquam debitis sed eligendi. Ut et eligendi et ducimus eum. Molestiae expedita aliquid eos quia ad reprehenderit. Nemo accusantium quas corporis non recusandae illum. Voluptatem error dolore occaecati voluptatem accusantium hic minus fugiat. Iste dolorem id et magnam. Suscipit accusamus ut qui facere.', '2018-01-29 08:30:49', '2018-01-29 08:30:49'),
(9, 9, 'Temporibus amet aut aliquam.', NULL, 'Incidunt accusamus recusandae pariatur.', NULL, 'Consequuntur ut harum et sunt repellendus consequatur.', NULL, 'Voluptate animi unde rerum quaerat vitae mollitia aut.', NULL, 'Ea pariatur illum et nemo quidem quod. Quia culpa itaque eveniet quos sit modi aliquid. Perspiciatis autem cumque hic harum non quibusdam. Dolorum inventore qui a aut officiis sint. Eos animi molestiae sint sint voluptas. Facere aut dolore rerum voluptate quae temporibus. Praesentium ratione dolorem aut vero consequatur eos perspiciatis. Ipsum eligendi ut et tenetur consequuntur molestiae quaerat vitae. Culpa similique recusandae animi dolores. Qui autem id dolorem sequi fugit quo dolores aliquid.', '2018-01-29 08:30:49', '2018-01-29 08:30:49'),
(10, 10, 'Aut vel culpa qui cumque quia assumenda ea.', NULL, 'Aut ut ut tenetur cum.', NULL, 'Dolor enim id alias harum.', NULL, 'Atque ad et laudantium voluptates nihil consequatur quisquam.', NULL, 'Doloremque delectus excepturi esse ab debitis deleniti. Saepe dolor quis non expedita ea sed autem et. Incidunt porro voluptatum mollitia quibusdam. Eos quasi non occaecati ut sit architecto. Laboriosam eos ut nemo est aspernatur reiciendis voluptates. Eius magni unde nesciunt ratione nihil. Laboriosam saepe voluptatibus ullam labore placeat esse eum hic. Facilis magnam qui placeat distinctio. Atque nulla voluptas vel nostrum quasi aspernatur quia.', '2018-01-29 08:30:49', '2018-01-29 08:30:49'),
(11, 11, 'Aut vitae fugit dolores est.', NULL, 'Laborum rerum sit quia ut non molestiae quia.', NULL, 'Sapiente quia assumenda aut aut doloribus.', NULL, 'Et suscipit aliquam veritatis ut excepturi vitae quidem.', NULL, 'Rerum quo qui molestiae distinctio nisi. Architecto aut voluptate deleniti. Dolorem culpa quae magnam fuga natus sit maxime. Cupiditate perferendis animi sed dolorem maxime quia. Tenetur exercitationem esse optio itaque alias sit. Quis facere ut ullam aut iusto eum labore.', '2018-01-29 08:30:49', '2018-01-29 08:30:49'),
(12, 12, 'Quae quam et et mollitia recusandae cupiditate.', NULL, 'Enim deserunt dolorem doloribus qui.', NULL, 'Nisi libero ducimus error quos totam inventore ipsam.', NULL, 'Pariatur dolores ea ipsum tempore distinctio.', NULL, 'Sed ipsam porro omnis rerum aut ut. Hic ab in placeat corrupti. Suscipit iste culpa sit iure sunt accusantium culpa. Iste in qui qui distinctio facilis quam. Vero minima cupiditate itaque ea. Quia rerum mollitia libero explicabo ut distinctio. Aliquid et nisi magni quia maiores dolor. Dignissimos doloribus modi dolore omnis consequatur accusamus. Quasi doloremque eos autem quisquam velit amet.', '2018-01-29 08:30:49', '2018-01-29 08:30:49'),
(13, 13, 'Modi quia dignissimos eaque quod magni sint minus voluptatem.', NULL, 'Sunt et alias iure dolores voluptatum qui.', NULL, 'Labore dolor eligendi laudantium praesentium.', NULL, 'Rerum sed nulla nisi qui et occaecati possimus.', NULL, 'Esse quo id voluptatem cupiditate mollitia. Quaerat repudiandae aperiam non eveniet quos. Et esse inventore sit minus fugiat quia rem. Facere velit totam iusto dolores ea dicta. Aut mollitia voluptatem commodi quia in. Totam corrupti nesciunt animi minus. Ut recusandae dolorem quo eveniet voluptates ut quia.', '2018-01-29 08:30:49', '2018-01-29 08:30:49'),
(14, 14, 'Sit architecto non molestias.', NULL, 'Nesciunt nemo est molestiae veritatis.', NULL, 'Praesentium sunt voluptatem reprehenderit dolor.', NULL, 'Ex reiciendis modi ut ea.', NULL, 'Autem non velit aut necessitatibus hic autem laudantium. Doloribus delectus facere voluptas est beatae occaecati ut. Quibusdam reprehenderit aut doloribus. Quo nobis eveniet adipisci unde illo. Amet eum ut nihil explicabo ducimus harum. Fugiat atque vero nihil rerum voluptatem. Praesentium dolorem voluptates rerum consequatur nihil. Velit vero quibusdam at blanditiis quidem voluptates ipsum.', '2018-01-29 08:30:49', '2018-01-29 08:30:49'),
(15, 15, 'Nesciunt molestiae nam labore saepe cumque.', NULL, 'Saepe distinctio quo atque reiciendis sit.', NULL, 'Optio maiores maxime omnis temporibus ducimus facilis.', NULL, 'Officia aliquam excepturi illo ut.', NULL, 'Aliquid velit quia autem. Omnis et maiores optio omnis illum magnam et mollitia. Voluptate quia officia aliquam eos voluptates dolorum et doloribus. Dolor ad labore ea dolores quos enim cumque. Et qui quia iure veritatis itaque. Amet omnis magni natus iusto. Itaque autem et inventore aliquam provident. Nihil et et reiciendis quia nesciunt. Doloribus culpa consequatur rerum autem.', '2018-01-29 08:30:49', '2018-01-29 08:30:49'),
(16, 16, 'Qui ut molestias maxime similique vitae quos.', NULL, 'Aut quod pariatur eligendi temporibus quis et.', NULL, 'Et aut commodi et incidunt.', NULL, 'Dignissimos et natus voluptate harum aspernatur vero.', NULL, 'Possimus excepturi et nisi sint repellat autem odit. Occaecati aut aut repellat animi ut ad. Ipsa at pariatur magnam non. Iste maxime est nam earum ex autem. Excepturi magnam non harum molestiae tempore atque dolor. Nam illo quam sed aut reiciendis est. Voluptatem quam ad dolorem est ad qui. Eos et soluta aut cupiditate. Deleniti quibusdam possimus veniam optio quos sint. Dolores in dolorum vitae ut est. Explicabo quia labore nulla qui. Molestiae et tempora suscipit magni eius dolor.', '2018-01-29 08:30:49', '2018-01-29 08:30:49'),
(17, 17, 'Dolorum iusto modi corporis nisi.', NULL, 'Est impedit ipsam quo nesciunt ipsam sapiente.', NULL, 'Temporibus sit sint ea qui et ut.', NULL, 'Officiis voluptas recusandae ut id commodi.', NULL, 'Enim minus in tempora omnis. Quia facere id omnis similique incidunt ipsa sed placeat. Consequuntur est maiores voluptate sit sit. Eos neque ipsam inventore rerum facere modi voluptates. Et omnis consequatur iste ducimus impedit numquam magni id. Dolorem nam saepe sunt est qui laboriosam et. Velit quisquam possimus voluptate tempora. Dignissimos doloribus illo assumenda et aut omnis et. Nesciunt sit velit repellendus ea. Nihil voluptatibus nihil sint nam. Molestias natus quaerat soluta aliquam adipisci.', '2018-01-29 08:30:50', '2018-01-29 08:30:50'),
(18, 18, 'Officia dolores ipsam quasi.', NULL, 'Repudiandae laudantium eum cupiditate et corporis.', NULL, 'Dolor ut omnis rem.', NULL, 'Minus vero assumenda aut ipsa.', NULL, 'Qui quis delectus alias sint dolore. Natus minima fugit est consectetur qui. Sunt ut velit consequatur eaque. Adipisci et aut excepturi nemo. Autem facere sint iure officia corrupti sed est. Aut consequatur ex neque corporis. Quae voluptates aspernatur quia amet ea.', '2018-01-29 08:30:50', '2018-01-29 08:30:50'),
(19, 19, 'Quo voluptatibus dolor temporibus dolorem.', NULL, 'Nulla alias iure odio.', NULL, 'Minus sed animi quia at.', NULL, 'Voluptas rerum occaecati et facilis.', NULL, 'Et consequatur cum vel quo. Necessitatibus reprehenderit odio consequuntur ut molestiae repellendus accusamus. Odio culpa nemo itaque quam inventore eum similique. Similique facere omnis aspernatur sunt.', '2018-01-29 08:30:50', '2018-01-29 08:30:50'),
(20, 20, 'Ut architecto natus impedit saepe.', NULL, 'Voluptas quo et voluptatem vel et.', NULL, 'Ducimus voluptatem et provident tempore vitae et delectus.', NULL, 'Ipsum nihil aliquam repellendus quam magni.', NULL, 'Et modi neque voluptas nam commodi. Enim qui est iure pariatur. Perferendis maiores in corrupti reiciendis quidem officia. Quia libero odio reprehenderit in consectetur et voluptatem amet. Non quia enim sint quia. Vel quis iusto assumenda et aut quo porro. Atque voluptatum cum optio pariatur excepturi. Corporis et labore corporis eos. Aliquid qui alias hic id at impedit. Et dolorem blanditiis accusantium nostrum quam quia ipsa. Totam omnis perferendis dolor omnis a animi numquam. Explicabo et dignissimos dolores aut provident reprehenderit nam. Omnis labore tenetur architecto facilis modi magnam. Non enim nesciunt facilis tenetur ipsum minima dignissimos.', '2018-01-29 08:30:50', '2018-01-29 08:30:50'),
(21, 21, 'Nulla et aliquid non error nobis.', NULL, 'Consequuntur aut consequatur perferendis quaerat sint et corrupti.', NULL, 'Itaque laboriosam aperiam minima laudantium repudiandae.', NULL, 'Maxime repellat similique ad assumenda sit est.', NULL, 'Assumenda quia eum animi eaque iure molestiae illo ut. Et porro at repudiandae dicta dolorem. Consectetur porro et blanditiis ex et hic. Aliquam deleniti aut voluptates excepturi. Rerum et sapiente veritatis reiciendis ullam. Rerum officiis molestiae eaque consectetur amet nisi error. Voluptates qui saepe voluptas assumenda ipsam et dolor. Totam eligendi animi non omnis. Aperiam doloremque sed at ab laudantium voluptatibus. Recusandae eum aut officia culpa. Sint doloremque ratione magnam earum atque ipsa quia quo.', '2018-01-29 08:30:50', '2018-01-29 08:30:50'),
(22, 22, 'Non deserunt et ratione quibusdam nemo quibusdam.', NULL, 'Nihil laboriosam ea tempore non.', NULL, 'Voluptas maiores voluptatem neque ex.', NULL, 'Ducimus voluptas fugiat nostrum quod autem nihil ut.', NULL, 'Ipsa iusto tempore sed. Voluptatibus eligendi esse laboriosam nam reprehenderit corrupti. Voluptate ex velit omnis minus vero. Eum aliquid vel at pariatur. Consequuntur id voluptatem ut ut et et. Labore quos doloremque adipisci veritatis vero reprehenderit. Sunt architecto porro et expedita sequi voluptatem cupiditate. Totam accusamus omnis dolor sed alias. Impedit quia deserunt iure est quasi. Enim maxime consequuntur reiciendis eos ut. Rerum iste nisi hic saepe. Et perspiciatis tempora blanditiis quis distinctio. Perferendis quae porro aspernatur omnis error necessitatibus voluptatem minima. Praesentium voluptate saepe cumque commodi dolores quas debitis.', '2018-01-29 08:30:50', '2018-01-29 08:30:50'),
(23, 23, 'Ullam assumenda nulla consequatur atque adipisci quo.', NULL, 'Modi quia nisi rerum eos accusamus non iusto enim.', NULL, 'Et quas doloremque adipisci molestias totam corrupti quia.', NULL, 'Blanditiis dolorum nesciunt et quia quibusdam sed.', NULL, 'Debitis unde deleniti voluptas accusamus minus. Et odit blanditiis expedita eius est hic quos dolore. Id similique optio consequatur voluptatem. Et a eum qui velit maiores. Qui qui vero illum qui necessitatibus.', '2018-01-29 08:30:50', '2018-01-29 08:30:50'),
(24, 24, 'Natus velit sint amet velit.', NULL, 'Molestias sed repellendus dignissimos.', NULL, 'Eligendi rerum et labore sed ipsam.', NULL, 'Quia incidunt eaque soluta.', NULL, 'Enim illum quam accusantium minus. Molestias illum debitis placeat nemo consectetur eaque aperiam. Magni blanditiis sunt rerum beatae voluptas sed. Ut sit qui voluptas rerum nihil harum. Blanditiis repellat inventore reprehenderit suscipit dolorem debitis quia. Ullam eligendi quo occaecati facere. Est non quos dicta voluptatem. Dolorem consequatur consectetur optio possimus omnis architecto eius at. Natus vel voluptatem quaerat eos. Ut necessitatibus facere quo et libero est. Sapiente et eos velit sed ducimus et voluptatem. Optio ut eveniet eveniet aliquam.', '2018-01-29 08:30:50', '2018-01-29 08:30:50'),
(25, 25, 'Voluptatum et alias non molestias.', NULL, 'Ut consequuntur et iure natus.', NULL, 'Assumenda omnis sunt sint omnis at sed consequuntur sunt.', NULL, 'Et ipsam hic et exercitationem esse.', NULL, 'Nisi est officiis hic dolore reiciendis amet. Excepturi voluptas voluptatem sed id. Et cum voluptatibus et amet nulla. Sed eius rerum id placeat et maxime. Eligendi quas suscipit omnis sed enim necessitatibus voluptatibus aut. Minima praesentium dolor sed dolores odio numquam et.', '2018-01-29 08:30:50', '2018-01-29 08:30:50'),
(26, 26, 'Amet odit velit sequi odio.', NULL, 'Quam nesciunt ex molestias.', NULL, 'A sint id voluptas.', NULL, 'Qui nemo harum facere omnis ex.', NULL, 'Error sed porro quos et a. Autem provident ducimus rerum tempore aut qui. Iure dolor illo provident sit. Voluptatem soluta quidem accusamus quod quaerat dolor. Et et pariatur qui corrupti aliquam libero. Optio explicabo perferendis earum provident. Voluptatem earum nobis consequatur enim earum ducimus. Delectus ipsum magnam vel neque sapiente. Ut voluptatem cum deserunt cupiditate architecto. Eligendi quod autem sit.', '2018-01-29 08:30:50', '2018-01-29 08:30:50'),
(27, 27, 'Aut qui vitae assumenda laudantium molestias.', NULL, 'Dolores autem possimus autem doloremque.', NULL, 'Sint iure neque ratione dicta doloremque aperiam.', NULL, 'Aliquid aliquid sapiente non esse.', NULL, 'Quaerat qui repudiandae ducimus sit est quos. Ut praesentium sunt ducimus quisquam. Voluptatibus repudiandae ut excepturi eaque non. Tenetur quam similique vel labore odit beatae. Ut ut sed ut itaque nisi consequuntur corporis. Voluptatem consectetur sed ut qui et dolorem. Explicabo voluptatem incidunt minima possimus explicabo voluptatem molestiae consectetur. Molestiae et officiis pariatur laborum facere voluptates. Optio ipsam quo hic alias cupiditate dolorem. Qui dolor omnis deserunt voluptatum aliquam. Est unde officia eum mollitia.', '2018-01-29 08:30:50', '2018-01-29 08:30:50'),
(28, 28, 'Alias quo sit ut nostrum velit.', NULL, 'Omnis qui reprehenderit nesciunt nihil.', NULL, 'Quo at qui dolor consequuntur ipsam odit corrupti.', NULL, 'Architecto dicta voluptatum ea consectetur aliquam qui.', NULL, 'Delectus quidem a rerum maiores ipsa. Sed ullam sit repudiandae maiores illo sunt. Praesentium voluptate et dolorum dolore officiis voluptate. Qui ipsam nemo possimus velit nesciunt ullam earum. Totam omnis eos molestias molestias et ratione quia. Sequi dolorum incidunt provident veniam. Est unde ex esse. Laboriosam vero eos veritatis voluptatum nihil voluptate vel.', '2018-01-29 08:30:50', '2018-01-29 08:30:50'),
(29, 29, 'Nostrum et magnam amet fugit est doloremque veniam.', NULL, 'Et nisi velit sit quia corporis autem voluptatum repellat.', NULL, 'Cum dolorum ut vitae magnam.', NULL, 'Mollitia est nihil sunt maiores vel ducimus.', NULL, 'Voluptatem rerum eveniet et aut dolor. Porro qui mollitia quasi ab exercitationem. Qui accusantium est est ipsam. Distinctio cupiditate quos corrupti deserunt. Provident dolore soluta rerum sed eius. Dolores rerum error aut dolorem ut saepe quo possimus. Maxime natus tenetur aut voluptate ea aspernatur eius ad. Inventore voluptas ipsa est laudantium deleniti tenetur magnam. Laborum ipsa necessitatibus labore est quidem consequatur.', '2018-01-29 08:30:50', '2018-01-29 08:30:50'),
(30, 30, 'Eaque distinctio sint provident libero odio saepe.', NULL, 'Non in suscipit at eos tempora molestias.', NULL, 'Commodi eum delectus perspiciatis assumenda consequatur.', NULL, 'Dolorem consequatur nisi harum assumenda ipsam ratione eius.', NULL, 'Quia ipsa cupiditate minus veritatis quo. Voluptas voluptas mollitia quo minima non ratione quo. Voluptatum ut dolor quidem nam. Voluptatum unde enim aspernatur blanditiis temporibus eligendi. Explicabo deleniti non perferendis fugiat est impedit.', '2018-01-29 08:30:50', '2018-01-29 08:30:50'),
(31, 31, 'Dignissimos incidunt expedita molestias voluptatem eius.', NULL, 'Nisi voluptatem culpa provident nam dolor ut dolores.', NULL, 'Ut rem officia aut voluptas voluptatem consequatur.', NULL, 'Quod dolorem perferendis voluptatem.', NULL, 'Accusantium et aut rem quia magni. Sint sit non ducimus culpa. Aspernatur placeat aliquam deleniti sit. Quis et rerum reiciendis sed quae tenetur. Vel sit ut provident blanditiis et repudiandae excepturi. Aliquam qui occaecati provident ipsam. Iste quo et quo quasi iusto. Aspernatur nihil ea ducimus minima in qui.', '2018-01-29 08:30:50', '2018-01-29 08:30:50'),
(32, 32, 'In quis aut ipsum non dolor praesentium.', NULL, 'Nemo est placeat architecto mollitia impedit.', NULL, 'Tempore saepe facilis qui officiis.', NULL, 'Perferendis est est dolores et quibusdam itaque.', NULL, 'Voluptatem laborum eum praesentium aut iste tempore labore. Eum officiis non placeat tempora sed vel. Saepe ut ducimus quia. Numquam ratione rem consequuntur deserunt minima excepturi. Nostrum id ea velit sit doloremque maiores eum. Dolor quas qui autem vel velit ut vitae sit. Sit doloribus qui sapiente itaque et ad laudantium. Error non fuga eos laborum.', '2018-01-29 08:30:50', '2018-01-29 08:30:50'),
(33, 33, 'Vel quia enim dolorem aut commodi laborum.', NULL, 'Est sed voluptatem vel omnis.', NULL, 'Vero et iusto totam voluptates.', NULL, 'Vel autem officiis aut ratione eveniet.', NULL, 'Asperiores itaque et placeat fuga facere eveniet reprehenderit. Praesentium quia excepturi dolorem commodi veritatis reprehenderit sunt distinctio. Veniam nobis omnis sit suscipit iusto. Voluptatem ipsam voluptas rerum hic. Molestias eius corrupti eaque at ratione maiores doloremque.', '2018-01-29 08:30:51', '2018-01-29 08:30:51'),
(34, 34, 'Quia sint assumenda et dolor velit nam sint.', NULL, 'Eius laudantium quam tenetur aut.', NULL, 'Voluptas qui qui aperiam ad mollitia.', NULL, 'Rerum quis ea sapiente dolorum laboriosam aut dicta.', NULL, 'Omnis omnis qui magnam non. Officiis qui aut aliquam rerum. Excepturi voluptas delectus quis nam qui quia. Molestias quam perferendis qui nesciunt ut. Autem quia exercitationem dicta id est. Nostrum veritatis alias repudiandae debitis.', '2018-01-29 08:30:51', '2018-01-29 08:30:51'),
(35, 35, 'Ut et in neque id.', NULL, 'Ratione perferendis saepe eum sint.', NULL, 'Ea quae sed quia veritatis.', NULL, 'Mollitia quidem labore sed totam.', NULL, 'Sit quidem sit debitis alias. Vero saepe sed aliquid repudiandae porro. Qui voluptatem expedita ea quia. Hic commodi similique eum qui deserunt minus. Soluta minima autem vitae id. Illo explicabo alias non ut quo perferendis consequatur tempora. Nobis sit est dolorem amet ut. Consequatur tenetur quis voluptas ut maiores sit cumque. Ut aut est iure quia quidem. Rerum sunt repellat ipsum facilis. Distinctio ab cupiditate labore. Eum qui velit quas officiis. Sunt et numquam necessitatibus impedit adipisci tempora.', '2018-01-29 08:30:51', '2018-01-29 08:30:51'),
(36, 36, 'Rerum eligendi ut quam illo explicabo atque.', NULL, 'Omnis corrupti ipsam possimus accusamus est eius sunt.', NULL, 'Rerum quia odit et est nihil eos.', NULL, 'Quia laborum neque voluptatem qui inventore odit.', NULL, 'Et eum tempora dolor quo. Aliquam ipsam modi dicta culpa enim sunt minus. Dolorem qui ut natus nulla debitis aut minus. Suscipit cum est quod unde. Deserunt repellendus hic non debitis totam nobis quasi. Voluptatem repellat atque optio libero architecto minima rerum.', '2018-01-29 08:30:51', '2018-01-29 08:30:51'),
(37, 37, 'Totam vel et reprehenderit et velit id.', NULL, 'Rerum et illo asperiores incidunt et.', NULL, 'Occaecati consequatur nihil voluptas corrupti ea consequatur nostrum.', NULL, 'Distinctio quae sunt voluptatum assumenda porro.', NULL, 'Et et adipisci dolor animi repudiandae voluptas voluptatem. Officiis facilis quo molestiae commodi adipisci. Iure dolorem asperiores optio aut dolorem laudantium. Rerum deleniti dolorem est autem voluptatum. Quibusdam molestias unde sit delectus qui ipsam. Sed maxime aliquid molestiae at reprehenderit rerum.', '2018-01-29 08:30:51', '2018-01-29 08:30:51'),
(38, 38, 'Dignissimos voluptatem consequatur vel dolorem autem.', NULL, 'Est dolorum rerum nihil voluptates laboriosam aliquam id.', NULL, 'Sed cumque perspiciatis debitis consequatur libero.', NULL, 'Sed dolorum perspiciatis alias rerum ut nisi eum.', NULL, 'Alias consequatur aut minus veritatis error sit tempora. Omnis qui laudantium blanditiis ut asperiores accusantium quae necessitatibus. Autem aliquid animi dolores culpa aut et deleniti. Sed sit est quos quia autem. Et doloremque quo officia est provident tempora. Soluta sed vel impedit aut. Alias blanditiis autem nihil ea voluptatum ea aliquam. Voluptatem ut ut temporibus repellendus alias ab. Reiciendis aut ea impedit. Eaque aut voluptatem iure aliquam alias tempora. Totam magni eligendi autem est non nesciunt.', '2018-01-29 08:30:51', '2018-01-29 08:30:51'),
(39, 39, 'Et voluptatibus consequuntur nihil.', NULL, 'Enim earum dolore sint autem non illum aut.', NULL, 'Aut nesciunt deserunt vitae quidem deserunt rem.', NULL, 'Corrupti quia perferendis voluptatum minima rerum.', NULL, 'Iste laboriosam et eum voluptas quasi iste ipsum voluptatem. Molestiae aut et deleniti aliquid iusto. Optio vero ratione vel voluptas natus. Vero natus aliquid dignissimos id. Voluptate aut nisi hic ut. Iste autem sed repellendus vel. Autem ducimus aut quia dicta nulla alias. Molestiae cum omnis ipsam optio. Inventore voluptatem perferendis porro et. Et quaerat provident aut dicta error.', '2018-01-29 08:30:51', '2018-01-29 08:30:51'),
(40, 40, 'Quibusdam rerum qui exercitationem corporis.', NULL, 'Et at eaque corporis quis.', NULL, 'Esse at occaecati eligendi atque velit beatae voluptas nulla.', NULL, 'Rerum dolores a fugiat quidem labore vitae laboriosam.', NULL, 'Sed blanditiis quo omnis sed quae quia dicta neque. Est et voluptates aut velit voluptatem ad. Nostrum quia ab dolores unde. Sed repudiandae accusantium autem ut eius ipsa aut. Eos neque at unde vero repudiandae natus qui. Labore quis consequatur aut optio nihil aut ea eligendi. Sit ipsa qui et necessitatibus assumenda. Deserunt dolor ut vel accusamus autem corrupti labore.', '2018-01-29 08:30:51', '2018-01-29 08:30:51'),
(41, 41, 'Dolore corporis autem itaque sequi aut consequatur veritatis.', NULL, 'Vel reprehenderit quis blanditiis vel impedit placeat.', NULL, 'Quia voluptatem laborum cupiditate deserunt voluptatem accusantium ea ullam.', NULL, 'Ducimus et dolor cum ab voluptates delectus animi consequatur.', NULL, 'Sint quisquam repellat nihil veniam ipsam et laboriosam. Excepturi amet ut eligendi iste maxime numquam. Impedit quia et dolore vel. Et ut qui aspernatur recusandae animi enim tempora amet. Neque quod laudantium quos eius perspiciatis fugiat quam. Minus qui rerum ipsum dolores modi. Ratione enim ratione reiciendis veniam suscipit.', '2018-01-29 08:30:51', '2018-01-29 08:30:51'),
(42, 42, 'Quas magni vel vero sequi autem.', NULL, 'Tempore qui placeat dolorem similique error facere.', NULL, 'Pariatur voluptate modi eveniet eos doloribus beatae.', NULL, 'Tempora ex sunt temporibus eos qui qui.', NULL, 'Harum sit ad tempore ab natus vero sunt dolorem. Tempora qui non reprehenderit officia. Modi incidunt nisi soluta in molestiae dolor aut facilis. Nostrum est placeat ullam porro dolor sint sit. Et eaque quia et. Sequi voluptatem in fugit neque ut dolore doloribus. Voluptas veniam recusandae laborum ut iure et ullam in.', '2018-01-29 08:30:51', '2018-01-29 08:30:51'),
(43, 43, 'Est dicta et velit quis atque aliquam aut.', NULL, 'Quo et et et dolorum repellendus quasi velit.', NULL, 'Et reprehenderit a recusandae eligendi vel.', NULL, 'Ut hic sint modi et odit.', NULL, 'Rerum commodi non officiis. Id hic ut et fugiat qui voluptatem illo consequatur. Ut quas impedit distinctio iusto explicabo qui voluptas. Quisquam recusandae qui minus voluptatem nobis. Culpa consequatur ut libero voluptas qui reiciendis. Enim consequatur et dolore aliquam qui voluptatem est. Aut ab vel neque. Itaque facilis aut officia nesciunt eaque. Et dolor aut inventore id ducimus nesciunt doloremque. Voluptates nobis consequatur laudantium nulla. Ea maiores tempora dolores quas. Sit et et rerum eveniet inventore qui porro similique. Corporis et sunt dolore ex soluta assumenda et. Quae maxime sed est odio nisi adipisci sint. Debitis accusantium earum voluptatem et consequuntur.', '2018-01-29 08:30:51', '2018-01-29 08:30:51'),
(44, 44, 'Aliquam dolor perspiciatis sunt.', NULL, 'Dolorum totam non nobis vel et magni.', NULL, 'Dolor aut rerum sed cumque mollitia sit.', NULL, 'Quisquam velit eum vel alias adipisci dicta.', NULL, 'Sapiente perspiciatis incidunt et. Incidunt voluptates quis iusto placeat quo debitis et rerum. Perspiciatis totam dolor explicabo. Vel amet nisi vitae maxime facere cumque. Ad libero eligendi et velit ipsum et blanditiis. Fuga corporis itaque dicta alias non ipsam. Dolorum explicabo unde molestiae voluptatem. Enim esse voluptatem vitae rerum similique earum. Necessitatibus aut sint facere possimus ratione harum. Sapiente iste culpa quia tenetur. Tempore vero inventore dolor nam totam. Dicta iure quas molestias doloribus tenetur numquam non sapiente.', '2018-01-29 08:30:51', '2018-01-29 08:30:51'),
(45, 45, 'Modi quaerat nostrum et ipsa reiciendis molestiae.', NULL, 'Optio quibusdam et in beatae excepturi consequatur id.', NULL, 'Officiis porro maiores et odio rerum.', NULL, 'Quis eos quos excepturi esse.', NULL, 'Corrupti unde aut quia quia consequatur voluptatem aliquid. Aut quae ea sint dolor non aspernatur. Et est odio quam fuga nobis quo eius. Voluptatibus accusantium ipsam ea sunt voluptates. Laborum ut nulla quod reprehenderit. Quis velit architecto perspiciatis et.', '2018-01-29 08:30:51', '2018-01-29 08:30:51'),
(46, 46, 'Laborum sed facilis ratione nemo.', NULL, 'Illo est libero recusandae occaecati alias qui dolorem.', NULL, 'Numquam fuga omnis et maxime cumque debitis.', NULL, 'Sit perspiciatis est totam rem.', NULL, 'In illo ea aut omnis voluptatum doloribus minus. Quod ad optio consequuntur aut quo veniam. Commodi voluptatibus excepturi et. Ad at distinctio illum quo. Libero aut sunt in sed quos ea est. Sint qui et explicabo qui magnam officiis.', '2018-01-29 08:30:51', '2018-01-29 08:30:51'),
(47, 47, 'Odio qui ab veritatis consequatur unde.', NULL, 'Voluptatem reiciendis ipsum incidunt porro et.', NULL, 'Aut soluta odit a et.', NULL, 'Fugit id dolorem consequatur quia incidunt.', NULL, 'Voluptatem praesentium dolorem qui illum non. Illum est cum iste et. Debitis magni voluptatem et blanditiis ea in consequatur quam. Quam illum nisi et architecto. Culpa earum in hic assumenda qui cupiditate. Qui provident dicta mollitia assumenda.', '2018-01-29 08:30:51', '2018-01-29 08:30:51'),
(48, 48, 'Quod autem et enim et qui aut.', NULL, 'Animi incidunt nesciunt id nisi quo voluptatem et.', NULL, 'Quasi doloremque fuga et inventore vel veniam fuga ratione.', NULL, 'Odit nobis dolor voluptas sunt et provident et.', NULL, 'Sit fugiat temporibus molestias placeat. Sit excepturi inventore facere porro laudantium nostrum voluptatem. Explicabo est illum deserunt harum pariatur doloribus. Natus nihil provident dicta eius aperiam. Dolorem placeat error possimus doloremque iusto non. Sed dolor qui aut in qui ut. Impedit perspiciatis omnis corrupti deserunt. Perspiciatis placeat et perferendis fugiat. Voluptas voluptatem dolorem nemo est voluptatem voluptatem. Pariatur laboriosam soluta commodi cum et et voluptatem.', '2018-01-29 08:30:51', '2018-01-29 08:30:51'),
(49, 49, 'Fuga quae necessitatibus enim odit tempore minima sunt voluptates.', NULL, 'Nobis minima voluptas voluptates ab rerum sint blanditiis voluptas.', NULL, 'Magnam ipsum vero asperiores placeat dolor.', NULL, 'Aut ex assumenda ratione quo sunt.', NULL, 'Est et quod et accusamus. Quod labore quo inventore tenetur eum. Unde omnis dolor atque. Consequatur nulla assumenda amet et omnis optio quia assumenda. Voluptatem dolorem rem quas dolorem voluptatem aut. Non ut quas in ut enim. Mollitia nulla consequuntur iure quam molestias consequatur. Ipsa eum recusandae ratione est omnis vel. Asperiores fugit accusamus ratione qui.', '2018-01-29 08:30:52', '2018-01-29 08:30:52'),
(50, 50, 'Odio exercitationem omnis aut molestiae quo enim facere.', NULL, 'Sint voluptas quo asperiores corrupti nostrum esse.', NULL, 'Suscipit explicabo distinctio assumenda sunt.', NULL, 'Quia in voluptas velit hic hic fugit illo rem.', NULL, 'Nobis aut saepe suscipit. Et similique consectetur qui quae maxime beatae. Rerum ipsa dolores aut quos fuga nulla numquam. Vero et molestiae nulla. Culpa odio non ad omnis dolores architecto. Temporibus labore id eum cumque debitis laborum vero. Velit eius quo sequi quas omnis qui. Velit minima placeat impedit repellat. Ut minima dignissimos et ipsum explicabo libero. Tenetur expedita laboriosam voluptas ea recusandae molestiae. Quo enim et doloremque ut ea.', '2018-01-29 08:30:52', '2018-01-29 08:30:52'),
(51, 51, 'Quia sed nulla similique non.', NULL, 'Soluta voluptatem possimus consequatur repellat.', NULL, 'Qui consequatur expedita et in aspernatur reiciendis autem et.', NULL, 'Voluptatum sed corporis corrupti itaque explicabo.', NULL, 'Ratione ipsa non molestias asperiores quibusdam architecto. Sed voluptatibus qui enim harum rem sed. Incidunt ut aut tenetur veniam. Eum quo omnis doloremque optio. Quod ratione animi quo neque. Ratione doloribus doloribus illum non nihil repellendus dolores magnam. Accusamus velit perferendis neque voluptatibus corporis natus. Reprehenderit illo recusandae atque.', '2018-01-29 08:30:52', '2018-01-29 08:30:52'),
(52, 52, 'Voluptatem amet id placeat repellat eligendi.', NULL, 'Aut praesentium aliquid labore et.', NULL, 'Qui rerum magni et ducimus nesciunt deserunt.', NULL, 'Autem eum sit est minus.', NULL, 'Laboriosam tempora exercitationem pariatur animi. Optio sed natus pariatur laboriosam necessitatibus aut doloribus. Pariatur corporis sunt modi quo explicabo dolorum aut. Laboriosam consectetur cum et ipsam quo soluta quis. Consectetur debitis sit quasi tempora. Molestiae voluptatem a et delectus cupiditate.', '2018-01-29 08:30:52', '2018-01-29 08:30:52'),
(53, 53, 'Sapiente porro necessitatibus nemo maxime est sit velit.', NULL, 'Illum cumque natus sed minima vel temporibus.', NULL, 'Asperiores pariatur ullam qui aut.', NULL, 'Non eum ea dignissimos quo qui vel nulla.', NULL, 'Ut enim aut quidem rerum consequatur sit. Ut saepe officia autem quia. Sunt vel nobis saepe perferendis dolor sit tenetur. Qui similique ratione eum ipsum. Dolorem aut harum incidunt voluptas natus qui. Distinctio illum et ad consectetur et omnis. Autem ipsa quo et exercitationem laborum cum. Repudiandae id et impedit et. Voluptatem perferendis architecto accusamus asperiores autem optio enim est.', '2018-01-29 08:30:52', '2018-01-29 08:30:52'),
(54, 54, 'Et quidem aperiam enim sed a.', NULL, 'Eos corporis nulla officia nihil.', NULL, 'Delectus ut officia non unde.', NULL, 'Inventore rem ab sunt deleniti.', NULL, 'Vero quod qui magnam aliquid dignissimos fuga at. Explicabo accusamus atque dolor aut. Beatae itaque aut tempore nostrum id dolor. Ut corporis deleniti deleniti facilis quidem expedita. Alias minus occaecati eligendi sed eveniet repellat tempore. Dolorum omnis id et mollitia ea aut.', '2018-01-29 08:30:52', '2018-01-29 08:30:52'),
(55, 55, 'Ipsam accusantium in esse rerum consequatur.', NULL, 'Dolore et incidunt non.', NULL, 'Qui non et voluptas maiores.', NULL, 'Ut et enim illo omnis.', NULL, 'Dolor est ut aliquam aut ullam occaecati aut. Dolorem vitae aliquam in fugit molestiae. Laborum ipsa inventore minus. Quae facilis voluptatum nihil maxime sunt nam voluptatem. Nihil sed ad accusantium quaerat sit. Dolorem voluptatem magnam cupiditate eum accusantium. Et itaque pariatur corporis velit sit autem cupiditate.', '2018-01-29 08:30:52', '2018-01-29 08:30:52'),
(56, 56, 'Voluptatem perferendis aut expedita iusto iusto non id et.', NULL, 'Libero eaque nihil eaque voluptatum id laborum.', NULL, 'Reiciendis magnam et fugiat et.', NULL, 'Sint accusamus qui aut voluptate.', NULL, 'Quae dolor optio eius iusto minima aut. Id aliquam est voluptatem ea debitis temporibus sapiente qui. Nostrum molestiae quod sed rerum enim qui. Error sunt maxime et omnis eius. Quae veniam consequuntur corrupti iure architecto sed rerum. Officiis ratione qui dolorem numquam sed possimus et facere. Rem id quisquam illum sit nemo nobis nesciunt. Dolor ratione accusamus quo modi molestias. Exercitationem ipsum rerum dolorum qui. Dolor beatae hic rerum id earum rem voluptas. Officia nihil similique aut ipsum dicta fugiat. Sunt aspernatur quia dolorem enim modi sint. Accusantium consequatur ea et rerum aut libero praesentium aut. Labore debitis voluptatem provident aut necessitatibus.', '2018-01-29 08:30:52', '2018-01-29 08:30:52'),
(57, 57, 'Harum ut ut provident est.', NULL, 'Natus sed ducimus ut exercitationem laudantium enim.', NULL, 'Odio fugit ut et alias.', NULL, 'Ab perferendis odio quo.', NULL, 'Molestias voluptates recusandae accusantium molestiae. Praesentium hic quam voluptatem ut. Eius sed veritatis voluptas non sint. Quisquam corporis dolor amet quas quis cupiditate dolorem. Perspiciatis saepe deserunt ab aliquid nemo. Ipsum incidunt consequatur voluptatibus sint fugit. Mollitia laboriosam consequatur commodi. Non veritatis non ipsum numquam earum saepe minima. Repudiandae ut ex reiciendis ut. Velit quisquam necessitatibus consequuntur quos ipsa eum nobis sequi.', '2018-01-29 08:30:52', '2018-01-29 08:30:52'),
(58, 58, 'Vel quasi adipisci quisquam et.', NULL, 'Illo quia quis aut incidunt odit sint delectus.', NULL, 'Totam fugiat non eos in nam ut.', NULL, 'Voluptatem amet in molestiae sed.', NULL, 'Nulla qui doloremque unde praesentium. Eum cupiditate omnis sed corporis quis. Voluptas temporibus est iste iure dolore ullam cumque. Aut adipisci et qui. Suscipit voluptas minima minus at. Quisquam ipsa ab neque corporis dolor. Beatae quo deleniti aliquam blanditiis.', '2018-01-29 08:30:52', '2018-01-29 08:30:52'),
(59, 59, 'Quo fuga quod iusto ad quibusdam.', NULL, 'Perferendis velit officiis harum explicabo sed nemo.', NULL, 'Deleniti at a quia laboriosam soluta est nihil possimus.', NULL, 'Perferendis blanditiis placeat quibusdam repudiandae commodi atque.', NULL, 'Quo minus ex ipsa. Odio dolore reprehenderit ducimus nisi cum. Ad accusamus velit nisi eveniet. Magnam et aut incidunt beatae magnam. Est beatae minus eius adipisci quas saepe. Enim odio voluptatem aut expedita et sequi.', '2018-01-29 08:30:52', '2018-01-29 08:30:52'),
(60, 60, 'Qui enim quis nam sapiente distinctio ut.', NULL, 'Iusto natus deserunt omnis est iure ad.', NULL, 'Quidem id laboriosam sint.', NULL, 'Quidem autem repudiandae cupiditate vel et dignissimos et.', NULL, 'Temporibus maxime nihil minima expedita qui. Cumque omnis placeat eius amet accusamus quia. Officia excepturi ipsam temporibus esse accusamus expedita. Et voluptas ut ut. Laborum ut alias qui consequuntur natus sed ullam. Ab ipsam non dolor praesentium eaque. Eum est rerum ea quidem ad consectetur animi autem. Ipsam et reiciendis aperiam omnis voluptates est sed. Numquam qui ea sint iusto nemo. Aspernatur quo animi itaque enim ut. Ab eum repellat voluptatibus. Culpa quaerat ut nostrum fuga.', '2018-01-29 08:30:52', '2018-01-29 08:30:52'),
(61, 61, 'Maiores sit repudiandae accusantium iste nihil omnis qui.', NULL, 'Neque similique dolore provident et.', NULL, 'Pariatur deserunt fuga vel soluta aut aperiam perferendis.', NULL, 'Ea quos est in aliquam explicabo.', NULL, 'Natus eum aut ratione et eaque non. Ipsam veniam cumque est qui sunt explicabo ut eveniet. Aliquid et esse velit dolor aut. Eos et omnis ducimus corporis sequi architecto. Et reiciendis similique perferendis ut fuga nemo. Repellat assumenda veniam quidem omnis officiis.', '2018-01-29 08:30:52', '2018-01-29 08:30:52'),
(62, 62, 'Voluptas illo sunt et labore dignissimos consequatur aliquam.', NULL, 'Libero numquam eum sapiente aut eos dolor.', NULL, 'Nostrum temporibus et vero excepturi aut asperiores quia.', NULL, 'Laudantium ex voluptates debitis esse rerum nesciunt reprehenderit tempora.', NULL, 'Voluptatem dolores et dignissimos saepe itaque sapiente. Et odit optio impedit ea aliquam ut. Quasi ullam ut quisquam commodi dignissimos expedita. Et nisi sunt mollitia. Non non ullam occaecati voluptate ea fugit. Libero qui a earum eum. Fugiat quia omnis omnis. Aspernatur et omnis ut aliquam.', '2018-01-29 08:30:52', '2018-01-29 08:30:52'),
(63, 63, 'Non aut molestiae aliquid omnis voluptas sint tenetur illum.', NULL, 'Odio et ad ducimus neque.', NULL, 'Unde et recusandae non sunt sit consequatur.', NULL, 'Nobis quis consequatur blanditiis asperiores pariatur quaerat.', NULL, 'Sit voluptas omnis voluptatem nihil molestiae. Accusamus modi explicabo porro temporibus amet omnis quo dolorum. Molestiae autem distinctio culpa nihil est. Pariatur ut laboriosam expedita doloremque. Sit dolorem alias quia beatae est illum rerum. Et nihil aut adipisci labore non. Distinctio sapiente reiciendis dolorem fugiat sed. Aut mollitia non illo sed quam. Qui commodi saepe deserunt quo.', '2018-01-29 08:30:52', '2018-01-29 08:30:52'),
(64, 64, 'Iusto nobis laudantium tempora cum iusto est.', NULL, 'Omnis laboriosam voluptas rem eligendi qui.', NULL, 'Aut sed vel alias quia voluptas dolorem nostrum.', NULL, 'Nihil voluptas eum repellat est laborum.', NULL, 'Saepe maxime quasi rem qui. Tempora dolor molestiae quia quia officiis adipisci iusto. Deserunt dolore sit eum nemo reiciendis quo consequuntur necessitatibus. Quam quo iste totam sit. Est blanditiis sint consequatur rerum. Et velit facilis aut eum officiis tenetur et. Ducimus est voluptatem rerum dolor quas.', '2018-01-29 08:30:52', '2018-01-29 08:30:52'),
(65, 65, 'Amet reiciendis autem veniam similique tempore et.', NULL, 'Expedita cumque molestiae molestiae sint dolore sunt est.', NULL, 'Delectus hic non eveniet et officiis molestiae temporibus.', NULL, 'Sunt magnam et animi.', NULL, 'Doloribus nobis consequatur quo velit et in. Iste quas enim ut earum est eos occaecati. Accusamus quibusdam consequatur laborum officiis sunt aut optio. Omnis libero nisi voluptatem similique. Corrupti dolor rem maxime. Quia non temporibus vel quas. Dolores eveniet aut voluptatem rerum asperiores. Quis suscipit ut accusamus reprehenderit. Harum ullam voluptatem temporibus voluptates corrupti consectetur. Provident dolor hic nihil. Vero quibusdam distinctio sequi eos in minima expedita. Adipisci quisquam qui beatae eligendi ipsam consequatur. Est numquam voluptatem sit libero sint.', '2018-01-29 08:30:53', '2018-01-29 08:30:53'),
(66, 66, 'Assumenda maxime debitis accusantium est est enim tenetur.', NULL, 'Et asperiores reprehenderit quibusdam ratione eveniet.', NULL, 'Quisquam sit sint nihil eos.', NULL, 'Assumenda reiciendis aut aut eveniet ullam exercitationem.', NULL, 'Consequatur doloremque qui quis ad eum. Explicabo quia alias placeat laboriosam possimus. Sit ut culpa ea dolores ut ut vero soluta. Temporibus beatae pariatur et aut ipsam officia sunt accusamus. Expedita quis est alias aperiam. Consequatur excepturi et voluptatum quo reiciendis voluptas ducimus.', '2018-01-29 08:30:53', '2018-01-29 08:30:53'),
(67, 67, 'Asperiores voluptatem dolor corrupti assumenda aut rerum repellendus.', NULL, 'Voluptatem tempore provident maiores impedit repellat quisquam nobis consequatur.', NULL, 'Aut consequuntur unde maiores est et aut.', NULL, 'Tempora perferendis voluptas aut quasi eos eaque ipsam.', NULL, 'Necessitatibus sint cupiditate et nihil modi eveniet sint aliquam. Voluptatum et sit nesciunt minus. At enim occaecati magni sed aut culpa mollitia id. Voluptatem voluptas fuga ut ea praesentium harum sed. Porro voluptas non quae vel eligendi repudiandae maxime. Dolores repudiandae occaecati dolores iste esse earum. Perspiciatis fuga fugit voluptatem quis qui.', '2018-01-29 08:30:53', '2018-01-29 08:30:53'),
(68, 68, 'Asperiores ullam iste quisquam tempore.', NULL, 'Commodi aspernatur tempora cupiditate et placeat.', NULL, 'Voluptatibus eius temporibus sunt.', NULL, 'Ullam rerum in iusto ab temporibus alias.', NULL, 'Quo quisquam ullam molestiae voluptatem debitis facere nobis. Perspiciatis ratione consequatur dignissimos aliquid. Quia aut deserunt alias. Aliquid voluptates maxime hic quasi voluptas recusandae suscipit. Vitae tempore adipisci quidem temporibus ipsam exercitationem alias quam. Excepturi molestiae dolorem et dolor sed. Inventore tenetur autem eos adipisci.', '2018-01-29 08:30:53', '2018-01-29 08:30:53'),
(69, 69, 'Aut saepe sequi recusandae excepturi dignissimos et voluptates.', NULL, 'Illum itaque occaecati cumque quisquam.', NULL, 'Quisquam natus inventore quisquam omnis dolore quo est.', NULL, 'Deserunt in occaecati eaque ut.', NULL, 'Qui voluptas dolores illo quia maiores et perferendis quisquam. Provident illo et officiis vel magnam. Delectus libero aut enim. Libero cum molestiae magnam in ut vel. Temporibus et laudantium asperiores qui enim vitae temporibus nihil. Nulla necessitatibus adipisci eius temporibus error. Dolores natus nisi nulla nisi voluptatibus. Veniam rem beatae ut dolore quibusdam iure eius.', '2018-01-29 08:30:53', '2018-01-29 08:30:53'),
(70, 70, 'Occaecati rem dolore quaerat aspernatur ut cumque harum debitis.', NULL, 'Nesciunt et cum dolorum libero animi harum rerum aut.', NULL, 'A est recusandae est.', NULL, 'Qui suscipit quia rerum fugiat sunt dolorem odit.', NULL, 'Omnis exercitationem sunt unde illum aut veritatis doloribus. Aut voluptatum vel cupiditate libero corrupti. Ipsum cupiditate sit excepturi qui. Aperiam rerum rerum facere fugiat quia et. Est quibusdam sunt et rem.', '2018-01-29 08:30:53', '2018-01-29 08:30:53'),
(71, 71, 'Autem qui molestiae tempora veniam quis culpa.', NULL, 'Qui qui aut soluta quia inventore tempore quia.', NULL, 'Itaque aspernatur animi eaque exercitationem odio sunt ex dolor.', NULL, 'Aut magnam dolorem et laboriosam.', NULL, 'Esse libero reprehenderit molestiae ad voluptas amet. Excepturi veritatis quasi soluta necessitatibus voluptas. Dolores id neque velit tempora quidem. Non sit magni natus saepe aut. Aut nobis illo aliquam dolores. Expedita eaque dignissimos suscipit nihil iste cupiditate pariatur. Voluptatem expedita quod eaque enim eum asperiores. Ex est quae rerum sit totam omnis modi. Quidem accusantium velit dolores quisquam rerum. Doloribus odit consectetur voluptatem non debitis.', '2018-01-29 08:30:53', '2018-01-29 08:30:53'),
(72, 72, 'Quo sed culpa ut totam veritatis nulla ipsa.', NULL, 'Porro porro ducimus voluptatibus nihil ex.', NULL, 'Impedit inventore voluptate ut omnis.', NULL, 'Consequatur totam est harum nobis enim eius sed.', NULL, 'Cumque ex quo id voluptas. Esse nihil numquam aut ut aliquam. Cumque fugit error sed voluptatibus. Quibusdam porro laudantium doloribus commodi quia quos beatae. Labore nihil aut nihil et quas. Aspernatur in est occaecati repudiandae itaque. Rerum cumque eos sunt id ut quis. Ab voluptas culpa quae delectus quaerat. Deleniti explicabo id aliquam quia suscipit ipsam. Iusto sit quae soluta officia. Occaecati minima quas dolore in. Ut dolor doloremque fugit quidem magni vel. Optio dolore qui sapiente voluptas nihil.', '2018-01-29 08:30:53', '2018-01-29 08:30:53'),
(73, 73, 'Libero corrupti doloremque ut.', NULL, 'Neque esse hic dolore corporis corporis sit soluta.', NULL, 'Ipsa iure sit facere.', NULL, 'Atque quis eum excepturi veniam.', NULL, 'Ratione esse culpa vel harum sit. Quisquam qui mollitia dolores ex magni. Labore doloremque voluptatem ut totam id consequatur. Molestiae deleniti aut dolor error. Debitis et similique itaque aut voluptatibus aut fugit. Eaque ut sunt et velit. Quisquam voluptatibus voluptatem dolore est eius.', '2018-01-29 08:30:53', '2018-01-29 08:30:53'),
(74, 74, 'Ea explicabo aperiam fugiat at et aut.', NULL, 'Quo quia maxime porro aspernatur maxime sed suscipit tempore.', NULL, 'Qui sit a aliquam harum ipsam accusamus.', NULL, 'Officia recusandae mollitia molestiae tempore quia natus.', NULL, 'Cum vel est voluptatibus alias at. Quo reprehenderit voluptatem aperiam vel veritatis facere consequatur est. Delectus et est provident impedit qui commodi. Culpa inventore minus qui est non earum iste est. Autem sed quam non dolores tempora incidunt assumenda. Dolor animi magnam quas ut. Aliquid libero dicta hic adipisci culpa. Non quis quasi quis eaque velit. Architecto consequuntur repellendus dicta sed. Sit dolores et assumenda distinctio recusandae dolorem.', '2018-01-29 08:30:53', '2018-01-29 08:30:53'),
(75, 75, 'Molestias dolor numquam velit omnis tempore et.', NULL, 'Eum aut vero pariatur eligendi praesentium totam ab.', NULL, 'Et sit sint odio aut quia vero ut.', NULL, 'Corrupti qui numquam expedita exercitationem.', NULL, 'Quia cupiditate sunt officia unde earum. Amet eum ut iusto rerum dolorem voluptas itaque. Vero suscipit dolorem debitis beatae pariatur sed omnis non. Nulla qui itaque eum debitis praesentium sed et rerum. Adipisci molestiae aut praesentium. Necessitatibus quia facilis consequatur dolor ab. Dolorum natus asperiores consequuntur natus sit. Voluptatem ipsa reprehenderit ut quis sequi possimus expedita quas. Nemo a et impedit quisquam libero.', '2018-01-29 08:30:53', '2018-01-29 08:30:53');
INSERT INTO `answers` (`id`, `question_id`, `ansa`, `ansa_img`, `ansb`, `ansb_img`, `ansc`, `ansc_img`, `ansd`, `ansd_img`, `question_desc`, `created_at`, `updated_at`) VALUES
(76, 76, 'Temporibus ipsum et saepe.', NULL, 'Eligendi eius cumque hic odio sunt.', NULL, 'Odio eos ut omnis.', NULL, 'Aut iste maiores exercitationem voluptatem molestias vero omnis.', NULL, 'Totam placeat qui fugiat dolores ipsa optio iure beatae. Debitis nihil sit sed dolorem voluptas aut. Expedita sed consequuntur fugiat dicta rerum pariatur eligendi. Maxime blanditiis consequatur quia voluptatem quia. Nihil odit vel officia. Nihil ullam nulla voluptatum facilis laudantium. Debitis quos eaque a a dolores. Repellat sed aut recusandae atque. Voluptas et eum necessitatibus quia.', '2018-01-29 08:30:53', '2018-01-29 08:30:53'),
(77, 77, 'Optio voluptatem facilis qui sint dolor.', NULL, 'Magnam placeat quasi porro ullam vero dicta quis porro.', NULL, 'Dolore laudantium consequatur delectus fugit quam.', NULL, 'Aut hic odit possimus nam.', NULL, 'Eaque voluptatem quasi cupiditate quas fuga. Expedita dolor ullam sunt dicta doloremque suscipit consectetur. Magnam tenetur asperiores velit vel perspiciatis. Ut deleniti voluptas libero dolorem delectus quia sit. Autem reprehenderit autem ratione veritatis beatae. Tenetur corporis sed assumenda tempora temporibus est rerum. Officiis est porro iure accusamus natus. At ratione et facilis ea adipisci voluptate.', '2018-01-29 08:30:53', '2018-01-29 08:30:53'),
(78, 78, 'A excepturi et optio laborum consequuntur.', NULL, 'Reiciendis est id earum neque enim voluptatum et.', NULL, 'Aliquid recusandae natus doloremque sequi.', NULL, 'Asperiores ipsum voluptas labore dolore sequi omnis.', NULL, 'Dolorem et nemo hic molestias non maxime et. Voluptate qui corporis aliquam aliquid consequuntur. Ut dignissimos tenetur minima rerum et. Velit et incidunt ipsum. Laboriosam possimus sit quidem tenetur ad. Maiores suscipit optio corrupti aut beatae aliquam praesentium nostrum. Placeat accusantium maxime ut error et in reprehenderit. Quis voluptatum et qui. Omnis aut voluptatem dolore corporis vel iste.', '2018-01-29 08:30:53', '2018-01-29 08:30:53'),
(79, 79, 'Reiciendis velit consequuntur architecto temporibus.', NULL, 'Qui non possimus qui placeat molestiae.', NULL, 'Perspiciatis et tempora eaque nesciunt ex placeat sint nobis.', NULL, 'Consequatur dolorem incidunt dolore nisi corrupti repellendus.', NULL, 'Quasi nisi ea quia nisi nesciunt. Natus pariatur sit praesentium ut. Fugit et dolores veritatis magni totam et. Expedita voluptatem nihil qui voluptate esse hic accusantium. Impedit quidem voluptas sed labore sed.', '2018-01-29 08:30:53', '2018-01-29 08:30:53'),
(80, 80, 'Et beatae vitae voluptatem et aliquid non.', NULL, 'Hic animi at qui commodi illo ut.', NULL, 'Sint voluptatibus qui consectetur corporis eos dignissimos quia.', NULL, 'Magnam voluptatem vel non aut quia ad.', NULL, 'Amet ab at consequatur. Aut non cum saepe unde itaque ut. Neque quidem debitis velit et voluptates ipsam voluptatum quo. Fugit consequatur magni odio qui facere. Voluptas repudiandae qui nemo porro rem consequatur. Minima tempora esse ratione unde. Eaque soluta tempore earum dignissimos ipsam eum. Voluptas consectetur fugit dolores natus qui. A ut dolores reprehenderit illo ut.', '2018-01-29 08:30:53', '2018-01-29 08:30:53'),
(81, 81, 'Neque libero commodi sint sit eum molestias magni.', NULL, 'Magni voluptas reiciendis magnam repellendus quo aut excepturi.', NULL, 'Ipsam quis tenetur quo.', NULL, 'Officiis quaerat quia repudiandae occaecati debitis.', NULL, 'Quisquam et est non adipisci eius vel qui. Aut quidem eaque quaerat necessitatibus debitis et ad qui. Culpa est molestias velit quibusdam animi odio. Fugit qui voluptas commodi dolor. Eum nam ab eveniet distinctio ut et quia. Dicta et sunt minima quibusdam nemo culpa officiis. Id rerum natus quia doloribus. Ratione et numquam hic voluptatem omnis ut autem.', '2018-01-29 08:30:54', '2018-01-29 08:30:54'),
(82, 82, 'Nobis aliquid voluptatem iure omnis non dignissimos.', NULL, 'Velit excepturi aliquam accusamus et reprehenderit et.', NULL, 'Sed ipsum facilis velit aspernatur et laudantium.', NULL, 'Qui mollitia rerum et porro architecto.', NULL, 'Ea quisquam neque sed corporis aut et quia. Maiores et autem doloremque at aut deleniti id. Distinctio eius in praesentium eveniet. In quis quia itaque dolor iusto. Quod culpa aspernatur et.', '2018-01-29 08:30:54', '2018-01-29 08:30:54'),
(83, 83, 'Accusantium quod ab ut pariatur esse ut in.', NULL, 'Architecto est vel eum et.', NULL, 'Quod sint quo ab animi.', NULL, 'Corporis enim quam cumque ipsa.', NULL, 'Veniam tenetur id nobis enim corporis cumque et. Enim id iure soluta dolore ea. Aut id deleniti voluptatem eligendi sint suscipit. Rerum provident exercitationem sit. Sunt assumenda nihil dignissimos rerum occaecati quas sed et. Quas dolore qui architecto quisquam illum dolor non.', '2018-01-29 08:30:54', '2018-01-29 08:30:54'),
(84, 84, 'Veniam maxime quod perspiciatis officia vel.', NULL, 'Consequatur quae in asperiores adipisci.', NULL, 'Sunt in molestiae dolorum quas quia at.', NULL, 'Dolores velit necessitatibus dicta.', NULL, 'Dolores sequi architecto aut reprehenderit autem. Est ut temporibus aspernatur quibusdam dolor iste quo. Eum sint nulla omnis rerum. Similique iste neque alias. Accusantium cupiditate dolorem omnis nostrum rerum temporibus quia. Et voluptates dolores numquam explicabo mollitia assumenda. Libero sit illo nisi eaque non. Tempore necessitatibus repellat voluptas autem. Aspernatur illum modi asperiores expedita. Repellat sequi recusandae blanditiis fuga. Ut molestiae vel illo voluptates ut eos rem.', '2018-01-29 08:30:54', '2018-01-29 08:30:54'),
(85, 85, 'Quia sequi et qui reiciendis.', NULL, 'Molestiae sed dicta consequatur voluptatum tempore repudiandae.', NULL, 'Ipsa quisquam incidunt ab explicabo fugiat officia ut.', NULL, 'Quia rem in maiores sit nulla omnis explicabo.', NULL, 'Autem eaque velit quasi voluptas. Eum consequatur dolore voluptatem quia. Dolorem rerum sint consequatur. Officia voluptatem omnis est incidunt nesciunt. Aliquid repellat placeat est omnis harum non. Eum labore sunt minima eos animi at. Sit culpa voluptatibus aut tenetur rem cum. Velit ea et nisi quos. Error pariatur harum et et quod. Laudantium dicta et dicta veritatis. Voluptas esse eveniet quibusdam deserunt sed eos. Harum possimus dolores nobis cupiditate. Ratione vitae quo totam qui possimus non. Ex recusandae reiciendis porro ipsam dolore qui saepe.', '2018-01-29 08:30:54', '2018-01-29 08:30:54'),
(86, 86, 'Nesciunt necessitatibus qui sit et aperiam expedita quidem.', NULL, 'Qui ea repellat neque qui ea.', NULL, 'Consequatur atque voluptas et delectus soluta consequuntur quas unde.', NULL, 'Velit qui commodi placeat repellendus consequatur.', NULL, 'Reiciendis placeat quas beatae eos fuga. Ea voluptatem molestiae quidem dignissimos. Ut perspiciatis ut nulla dicta. Sit voluptate tempora aliquam repellat. Explicabo sed nisi officiis quis. Molestiae dolores labore omnis esse. Repellendus ea consequatur cum sapiente ex. Non ea adipisci consectetur nesciunt impedit aut fugit et. Quia eaque voluptatum voluptatum omnis et quis quia.', '2018-01-29 08:30:54', '2018-01-29 08:30:54'),
(87, 87, 'Sit deserunt natus qui.', NULL, 'Et id a iste dolorem.', NULL, 'Cupiditate id molestiae recusandae.', NULL, 'Explicabo harum ut et qui quibusdam ratione vel.', NULL, 'Vitae ad quidem sed. Ut illo aut voluptatem ut beatae quam officiis. Sunt non non voluptatem saepe ab optio. Autem dolorem recusandae libero aut vel alias laborum. Ipsum et magni amet repudiandae illum delectus odit. Voluptatem modi esse molestiae labore iste non. Et vero rerum cumque ex. At dolorem repudiandae enim similique fuga.', '2018-01-29 08:30:54', '2018-01-29 08:30:54'),
(88, 88, 'Voluptas in voluptatum explicabo ullam.', NULL, 'Quaerat dolorem maxime ipsam consequuntur sapiente nihil sed.', NULL, 'Occaecati eos doloremque similique vel autem aut deserunt deserunt.', NULL, 'Et in corporis non voluptatem et et reprehenderit.', NULL, 'Cumque enim molestias nihil quis illo tempore consequatur. Dolore omnis aut quam eius. Dolorem dolor cum quam repudiandae et eaque quia hic. Sapiente consequatur placeat repellat iusto voluptatum similique. Error inventore rerum cum iste vitae dolores. Et eos non sit animi ut molestias. Magnam sapiente rerum dolores ut sunt est non non.', '2018-01-29 08:30:54', '2018-01-29 08:30:54'),
(89, 89, 'Nobis illum sed sequi possimus et exercitationem repellendus.', NULL, 'Natus placeat voluptate et.', NULL, 'Omnis non tenetur fugit tempore distinctio dolorem facere.', NULL, 'Tempore est pariatur voluptas doloribus labore inventore.', NULL, 'Totam quibusdam sunt at architecto accusamus dolores non. Quod officia aut dolorem odio. Excepturi sed accusantium quisquam nemo ad aut nobis. Non ullam ut consequatur et. Tempore adipisci praesentium debitis est qui est aut.', '2018-01-29 08:30:54', '2018-01-29 08:30:54'),
(90, 90, 'Ad alias ex quidem.', NULL, 'Amet velit excepturi qui eos unde maiores sed velit.', NULL, 'Adipisci deleniti sequi velit quia sit.', NULL, 'Consequatur eveniet quod officiis rerum.', NULL, 'Et recusandae ea eum ipsum. Inventore esse facere voluptatem enim. Facilis cum natus pariatur suscipit repellendus nihil. Quasi eos consequatur sed velit molestias nemo amet. Adipisci aspernatur ullam ratione quas. Quo impedit repellendus repellat nihil omnis atque. Eos aut dolor rerum est autem et qui.', '2018-01-29 08:30:54', '2018-01-29 08:30:54'),
(91, 91, 'Consequatur sit magnam et qui.', NULL, 'Asperiores cum omnis error tempore sed odit doloribus harum.', NULL, 'Est maxime voluptatibus illo est.', NULL, 'Corporis inventore itaque ea perspiciatis natus et magnam.', NULL, 'At tempore voluptas qui porro nam. Accusamus eaque illum suscipit itaque sit impedit nemo. Nam quasi provident autem dolorum. Blanditiis animi qui eos recusandae fugit id eos. Ullam voluptatem accusamus necessitatibus mollitia aperiam magni. Sunt temporibus qui fugiat quis voluptatibus.', '2018-01-29 08:30:54', '2018-01-29 08:30:54'),
(92, 92, 'Veritatis debitis ut provident ut iste atque quae.', NULL, 'Quis laborum eum officiis unde voluptates provident hic sit.', NULL, 'Ducimus suscipit magni rerum minima.', NULL, 'Officia totam molestias cupiditate nobis dolor.', NULL, 'Officia non rerum voluptas consequatur rerum eius. Fuga incidunt sequi aliquam ut doloribus ratione possimus illo. Cupiditate voluptatem aut rerum. Reiciendis tempore voluptatibus rerum quasi. Praesentium fuga molestias corporis eum aut a quasi id. Est deserunt et atque qui itaque voluptate sequi. Optio doloribus pariatur ut itaque et. Adipisci dolorum ut nostrum molestiae qui voluptatem.', '2018-01-29 08:30:54', '2018-01-29 08:30:54'),
(93, 93, 'Ut qui rerum veniam autem suscipit ab dolores voluptatem.', NULL, 'Harum esse consequatur qui vel quia.', NULL, 'Dignissimos quia adipisci et est aut odio.', NULL, 'Officiis doloribus assumenda officia non rerum aspernatur sed.', NULL, 'Quibusdam nihil repudiandae nulla. Voluptates possimus similique temporibus eos ipsam ut ea. Voluptates soluta eum ipsum sit enim quisquam error. Enim qui corrupti quos ipsa molestiae sed. Qui iste officiis accusantium nobis aut consequatur. Et sed vel sed quam veritatis velit. Dicta ullam atque debitis voluptas facilis. Accusamus et fugit sint consequatur.', '2018-01-29 08:30:54', '2018-01-29 08:30:54'),
(94, 94, 'Velit sunt illum libero sunt et.', NULL, 'Reprehenderit minima qui sit temporibus a.', NULL, 'Ducimus deleniti itaque aut ratione quasi voluptas.', NULL, 'Minima sit a recusandae et consectetur.', NULL, 'Ut fugiat velit laborum ex. Ut iste et laboriosam voluptatem. Dolor nobis deleniti ut temporibus et in maxime. Ea quaerat et in consequatur.', '2018-01-29 08:30:54', '2018-01-29 08:30:54'),
(95, 95, 'Rerum at reprehenderit amet consequuntur dolores neque voluptatem cumque.', NULL, 'Exercitationem exercitationem explicabo ea deserunt mollitia iusto pariatur.', NULL, 'Fugiat iusto delectus quo.', NULL, 'Voluptatem nihil soluta animi provident eveniet et.', NULL, 'Distinctio vero delectus consequatur expedita consequatur saepe dolores. Fugit velit quia et expedita aut. Ut odio beatae sed laudantium eveniet reiciendis. Nesciunt voluptas accusantium autem et. Ipsa eius voluptates ut omnis laboriosam facere non. Ea aperiam et fuga sunt. Possimus quisquam sint consectetur. Voluptatem deleniti perspiciatis rerum aut qui. Vel eligendi debitis inventore voluptatibus modi saepe dolorum. Nostrum eos itaque est laboriosam dolorum officiis totam. Ad voluptate vel placeat a sit vero aut. Dicta voluptas et voluptas et quis.', '2018-01-29 08:30:54', '2018-01-29 08:30:54'),
(96, 96, 'Sint ipsum sunt aspernatur illum.', NULL, 'Blanditiis explicabo magni necessitatibus inventore nihil vitae.', NULL, 'Assumenda dolore temporibus unde odit quis.', NULL, 'Voluptas sequi voluptatem laboriosam vero optio vitae tempore.', NULL, 'Ipsa nihil accusantium praesentium corrupti vero quam similique. Omnis vitae quo culpa hic beatae. Fuga amet reiciendis id magni. Asperiores necessitatibus minima qui. Harum est et nostrum officiis ab architecto. Voluptas aut nulla autem magni qui molestiae ut cumque. Dolorum accusantium maiores natus soluta et. Blanditiis rerum nam et aut ut eius iure. Accusantium velit eius fuga aut omnis ab.', '2018-01-29 08:30:54', '2018-01-29 08:30:54'),
(97, 97, 'Tempora nam labore placeat eum unde.', NULL, 'Nobis tempore accusamus nobis repellendus voluptates voluptas ab.', NULL, 'Aut ut natus doloremque et.', NULL, 'Velit neque repudiandae illum vero.', NULL, 'Dolor qui eaque autem eos quam et et. Et nihil asperiores architecto aut placeat consequuntur necessitatibus libero. Est sit voluptas deserunt at iusto. Mollitia voluptatem iusto aut dolorem quos tenetur odio. Quo fugiat libero neque explicabo quas iusto. Id sed quos quo. Aut quas cumque dolore nam assumenda fugiat. Dolorem in qui iure. Quidem commodi explicabo sit rerum eaque voluptas alias.', '2018-01-29 08:30:55', '2018-01-29 08:30:55'),
(98, 98, 'Aliquam architecto quod facere quasi ratione inventore sunt.', NULL, 'Aut itaque earum facere optio soluta et officia.', NULL, 'Necessitatibus maxime quam ut et rem harum eum.', NULL, 'Et voluptatem aut nulla facilis nemo laborum fugit.', NULL, 'Odit voluptatibus et aperiam quasi beatae repudiandae et. Dolores ut quidem temporibus est dolores quo. Exercitationem et ad accusantium et rerum. Perspiciatis omnis eaque consectetur ea accusamus. Laboriosam voluptas eos delectus similique ea. Tempora ut sapiente veritatis velit dignissimos optio ab. Impedit illo ratione ratione ut sequi fuga provident. Velit vitae aut quia.', '2018-01-29 08:30:55', '2018-01-29 08:30:55'),
(99, 99, 'Voluptatibus est at vel officiis id assumenda.', NULL, 'Nulla omnis autem amet et et quod.', NULL, 'In molestias illum minus quibusdam vel.', NULL, 'Neque animi enim dolorem aut.', NULL, 'In maiores vel qui veritatis. Iusto error ipsa dolor qui qui. Iure corrupti accusantium iusto iure. Quia accusamus minus quasi eius ea. Enim vitae maxime expedita esse rerum. Perspiciatis quis aliquam ratione ipsa vel est est. Dicta mollitia et commodi facilis est.', '2018-01-29 08:30:55', '2018-01-29 08:30:55'),
(100, 100, 'Repellat veritatis quibusdam voluptas illum.', NULL, 'Perspiciatis quam sit sint a ut.', NULL, 'Sit perferendis recusandae quo libero vel.', NULL, 'Sit aut quas occaecati et aspernatur qui maxime.', NULL, 'Quo et aut dolorem nihil ipsum aut. Quis exercitationem nostrum et ut optio consequatur. Ea eius quod aut accusamus est nesciunt. Excepturi a nam voluptas sint magnam voluptate aspernatur. Qui unde est numquam voluptatum provident voluptatibus.', '2018-01-29 08:30:55', '2018-01-29 08:30:55'),
(101, 101, 'Enim consectetur provident animi aliquid perspiciatis hic eveniet.', NULL, 'Odit laborum assumenda incidunt quod tenetur.', NULL, 'Aut perspiciatis et at et omnis quis accusantium.', NULL, 'Exercitationem tenetur consectetur veniam libero.', NULL, 'Ipsa laborum tenetur ut nemo sed aliquam. Repellat tempora reprehenderit quaerat. Doloremque quod maiores voluptates magnam est id. Fuga sunt quia omnis. Consectetur tenetur vero quisquam omnis maiores voluptas. Omnis saepe itaque fugiat possimus possimus. Ipsa et similique autem tempore in. Repellat temporibus soluta dignissimos architecto. Facere necessitatibus soluta eos itaque voluptatem dolor est. Qui exercitationem consequatur accusamus accusantium excepturi expedita eum. Autem dolores animi aut fuga sed. Ratione velit numquam rerum id quis corrupti amet. Vero sunt voluptas quia.', '2018-01-29 08:30:55', '2018-01-29 08:30:55'),
(102, 102, 'Est fuga aut laboriosam dolorem voluptas eos.', NULL, 'Ut temporibus aut quos cupiditate sit sed.', NULL, 'Hic et et aspernatur expedita.', NULL, 'Ut odio consequuntur non laudantium ex.', NULL, 'Aut est a qui nostrum repudiandae rerum. Ab doloremque quis et ut numquam cupiditate fugiat. Sit vero quo et voluptates ullam enim. Veniam tempore ullam mollitia quos sit voluptas omnis non. Non aliquid ducimus amet quia sapiente aliquam provident. Optio sunt soluta ea officia excepturi. Dolorum occaecati sint laborum nihil. Voluptas nostrum sint aut eligendi eligendi. Voluptatem nemo dolorem et quisquam accusantium. Quas rerum ratione enim tempore reprehenderit ex tempora unde. Sint omnis eius nulla.', '2018-01-29 08:30:55', '2018-01-29 08:30:55'),
(103, 103, 'Soluta quia voluptatibus reiciendis qui reprehenderit voluptatem minima fuga.', NULL, 'Modi expedita aperiam architecto minus voluptatem et eum.', NULL, 'Rerum architecto odio ut qui dolores quidem commodi.', NULL, 'Aut perspiciatis quidem incidunt repudiandae culpa suscipit.', NULL, 'Velit quia quaerat nostrum. Exercitationem sunt dolorum nesciunt nesciunt id unde. Repellat voluptates officiis deserunt suscipit. Cumque corrupti rerum nam ut aut fugit consequuntur aut. Corporis autem sunt sint facilis enim eum. Aspernatur eum vel soluta omnis dolorem. Numquam eos autem voluptas ea recusandae perferendis distinctio maiores.', '2018-01-29 08:30:55', '2018-01-29 08:30:55'),
(104, 104, 'Maiores est rerum id velit.', NULL, 'Eum optio dolorum numquam ad modi officiis quasi.', NULL, 'Natus molestias nesciunt fugit.', NULL, 'Iusto at dolore sapiente nam quod non laudantium.', NULL, 'Reprehenderit voluptas autem rerum deleniti quisquam fuga asperiores. Voluptas natus ut amet. Assumenda doloribus vero eius est expedita. Et a aut error aut. Cum quidem odio autem nam velit sint est possimus. Nemo qui qui quos magni atque similique velit. Aut aliquam cumque ut. Facere est aliquid molestiae non fuga. Iure neque qui ullam et autem aut.', '2018-01-29 08:30:55', '2018-01-29 08:30:55'),
(105, 105, 'Fugit molestias ut quod at accusamus.', NULL, 'Odio recusandae est eligendi expedita facere dignissimos.', NULL, 'Ut veniam non debitis sed velit dicta.', NULL, 'Expedita debitis atque sed placeat nisi soluta.', NULL, 'In nihil dolorem consequatur esse sit debitis. Autem sit harum fugiat voluptatibus enim hic. Quaerat et neque qui et voluptas omnis neque. Quod velit eligendi veritatis doloribus soluta. Excepturi qui est sit vel maxime reiciendis ex. Nobis error velit eum inventore id magni temporibus. Sed aut sint dolorem sed aperiam dolore et. Quae perspiciatis quibusdam qui nihil.', '2018-01-29 08:30:55', '2018-01-29 08:30:55'),
(106, 106, 'Aut repudiandae odio totam quas mollitia.', NULL, 'Nemo quisquam qui quis eius ut unde officiis.', NULL, 'Autem optio atque aliquid et non voluptates earum est.', NULL, 'Sunt porro et nam et cum.', NULL, 'Quis neque reiciendis porro sunt similique eos. Cupiditate maiores cum aliquid dolorum quaerat aut. Deleniti itaque et eligendi minima et deleniti. Unde quia quisquam fugit voluptatem. Cum repellendus quibusdam a laudantium. Autem est ipsa minus nisi ex corporis. Aut ea molestiae tempore in dignissimos quae. Voluptatem ex reprehenderit voluptatem.', '2018-01-29 08:30:55', '2018-01-29 08:30:55'),
(107, 107, 'Nostrum dolorem labore facere autem possimus dolor odit.', NULL, 'Culpa maiores impedit ipsam et doloribus qui non.', NULL, 'Reprehenderit ut sint deserunt fugiat.', NULL, 'Voluptatem consectetur iste harum cum at nisi adipisci sunt.', NULL, 'Velit tempora unde suscipit consequuntur et velit error porro. Ut maxime explicabo rerum atque id nisi veritatis sapiente. Omnis dicta est quia. Atque aut ipsum ut laborum. Voluptas ad pariatur sint consequatur.', '2018-01-29 08:30:55', '2018-01-29 08:30:55'),
(108, 108, 'Perspiciatis minima recusandae explicabo tenetur sequi excepturi quod dicta.', NULL, 'Autem ut esse laudantium eos mollitia.', NULL, 'Earum dicta ipsum ullam laudantium earum.', NULL, 'Aut autem omnis possimus.', NULL, 'Ea aperiam et et quod voluptas. Blanditiis voluptatem sed veritatis dignissimos. Quod qui laudantium laboriosam. Et eligendi aliquam atque sint qui nihil. Nulla dolorum ratione culpa fugit labore facilis neque veniam. Quisquam consequatur doloremque magnam soluta ipsam vel. Voluptatibus quas veniam velit. Non omnis dolor eligendi suscipit.', '2018-01-29 08:30:55', '2018-01-29 08:30:55'),
(109, 109, 'Exercitationem vero rerum error recusandae maxime inventore ipsa ut.', NULL, 'Consequatur rerum eum explicabo.', NULL, 'Aliquid nisi soluta laboriosam.', NULL, 'Voluptatem amet voluptatem nisi modi libero deserunt aut nulla.', NULL, 'Asperiores qui rerum omnis et. Possimus molestiae aut hic accusantium consequatur animi. Sit tempora eos adipisci eos sed aliquid voluptas. Dolor enim maiores est unde sint. Quas iure reiciendis dolor impedit voluptatum quibusdam. Magni recusandae adipisci sint sunt. Molestias sed sed quis tenetur vel est.', '2018-01-29 08:30:55', '2018-01-29 08:30:55'),
(110, 110, 'Quia blanditiis autem inventore assumenda.', NULL, 'Aperiam est laboriosam consequuntur dolores.', NULL, 'Assumenda praesentium assumenda a sed in est.', NULL, 'Necessitatibus sint perferendis sit ut iusto.', NULL, 'Culpa esse qui nemo earum. Quod et et et consectetur omnis. Suscipit libero sed quo. Amet qui assumenda voluptatem quae debitis ducimus. Ratione nesciunt temporibus amet officia cum autem rerum. Molestiae deserunt sunt nesciunt ullam quos et. Cupiditate aut corrupti iste sint. Sequi possimus et velit velit ducimus sed occaecati. Debitis sequi est eveniet rem dolorem. Aliquam quod quas fugit ut eum quia. Quisquam est natus cupiditate eius in architecto repellendus omnis. Repellendus nostrum placeat perspiciatis.', '2018-01-29 08:30:55', '2018-01-29 08:30:55'),
(111, 111, 'Omnis autem aliquid nobis esse molestias consequatur cumque rerum.', NULL, 'Aut sunt at officia magnam.', NULL, 'Rerum quia alias facilis blanditiis aut.', NULL, 'Illo deleniti voluptatem modi numquam.', NULL, 'Quis molestiae provident beatae id qui voluptatem magnam. Accusamus quo reprehenderit nihil eligendi iusto est iste aut. Sed quia autem occaecati delectus repellendus. Ut blanditiis labore est rerum et. Nostrum saepe corrupti repellendus.', '2018-01-29 08:30:55', '2018-01-29 08:30:55'),
(112, 112, 'Odit autem tempora fuga.', NULL, 'Inventore praesentium eos harum natus ratione.', NULL, 'Necessitatibus qui aut perspiciatis dolorem rerum.', NULL, 'Error qui a qui doloremque incidunt qui ea.', NULL, 'Et deleniti nemo enim quia expedita totam beatae. Placeat velit deleniti quia quia soluta et nam laudantium. Non quas quo perspiciatis mollitia eaque. Fugit quis odit sequi sunt ducimus aspernatur qui excepturi. Inventore numquam laboriosam vitae minus. Est in fuga rerum quo quaerat provident.', '2018-01-29 08:30:55', '2018-01-29 08:30:55'),
(113, 113, 'Qui et quibusdam reiciendis perspiciatis dolorem voluptatibus at fugit.', NULL, 'Soluta at rerum corrupti et.', NULL, 'Eum dignissimos ad esse minima.', NULL, 'Cum quas sit id.', NULL, 'Nihil illum reiciendis distinctio. Voluptatem aut ut quibusdam aut. Consequuntur qui libero et. Veritatis et impedit tenetur et. Consequatur dolorem commodi asperiores esse sed quisquam est. Et sed molestias ut dolorem aut sequi eos. Ut tenetur et et. Quis sint sit quis enim eveniet minima aut reiciendis. Qui esse non dolorum repellat cum repudiandae id. Alias eligendi eligendi dolorum fuga totam ut doloremque explicabo. Sit labore exercitationem porro aliquam.', '2018-01-29 08:30:56', '2018-01-29 08:30:56'),
(114, 114, 'Aliquid aliquam qui itaque eum voluptates iste.', NULL, 'Expedita corrupti fugiat natus quo nemo debitis.', NULL, 'Velit consequatur tempore blanditiis porro animi.', NULL, 'Pariatur sunt magnam earum blanditiis veritatis facilis.', NULL, 'Fuga delectus nesciunt illo unde. Consequatur cum numquam voluptatem dolor ipsa dicta. Et ea dolores minima cupiditate incidunt nihil aliquam. Unde sint aliquid ea voluptas fugiat. Eum tenetur nulla minus dolorem consequatur iure. Iusto modi temporibus nihil temporibus. Sit qui ut error molestias.', '2018-01-29 08:30:56', '2018-01-29 08:30:56'),
(115, 115, 'Quae consequuntur quod deleniti non excepturi.', NULL, 'Cupiditate quae earum quia suscipit nisi molestiae vel.', NULL, 'Doloribus ipsam earum autem ipsam.', NULL, 'Nemo ratione rerum sapiente voluptatum delectus exercitationem.', NULL, 'Ut placeat quae eligendi. Quam et sunt placeat fugit. Consectetur dolorem et tempora. Qui non adipisci quae ut est eum assumenda. Harum soluta ex fugit aliquid cupiditate. Explicabo natus et non necessitatibus soluta. Voluptas mollitia repellat quasi quia sit voluptatem aliquam. Aut rem voluptates ipsum aliquam. Rerum veniam porro aut iure dolorem ratione voluptas. Porro aperiam magni cupiditate quasi.', '2018-01-29 08:30:56', '2018-01-29 08:30:56'),
(116, 116, 'Quo beatae atque earum nulla.', NULL, 'Voluptas mollitia velit beatae quas ut aut.', NULL, 'Nihil voluptate voluptatum iure aperiam at nesciunt voluptas.', NULL, 'Quisquam aut voluptas perspiciatis qui nobis dolorem soluta.', NULL, 'Et maiores nemo tempore. Ut suscipit impedit pariatur atque provident quibusdam impedit. Deserunt et corrupti laborum quas dolore aperiam. Modi et vitae sint laudantium earum asperiores nam. Velit vero fugit qui et eum dignissimos. Voluptatem nihil fuga dolor molestias. Blanditiis suscipit corporis molestias ea quisquam libero ut.', '2018-01-29 08:30:56', '2018-01-29 08:30:56'),
(117, 117, 'Id sunt provident harum minima non.', NULL, 'Molestiae nobis temporibus esse cupiditate unde.', NULL, 'Aliquid cumque tempora ut.', NULL, 'Ut non voluptas rem odit similique commodi ea id.', NULL, 'Excepturi fugit voluptatibus rerum qui esse impedit est. Dolorum nesciunt vero earum aut. Sed eum saepe tempore omnis laboriosam. Id nihil dicta ut ut maxime corrupti adipisci. Quia eum dolor blanditiis tempore.', '2018-01-29 08:30:56', '2018-01-29 08:30:56'),
(118, 118, 'Eveniet odit voluptatem maiores voluptatibus accusantium dolorem explicabo.', NULL, 'Maiores non esse distinctio voluptas neque.', NULL, 'Rerum voluptatibus tempora ut similique et eveniet et.', NULL, 'Iusto ipsam illum repellendus doloremque.', NULL, 'Quidem quasi iure et vitae hic molestiae sed. Quia rerum placeat adipisci earum. Beatae quod et neque incidunt quia id officiis. Quia consequuntur repellendus laborum eum aut facilis quia.', '2018-01-29 08:30:56', '2018-01-29 08:30:56'),
(119, 119, 'Consequuntur porro inventore ut accusantium consequatur maxime.', NULL, 'Expedita explicabo animi velit error voluptatem doloribus.', NULL, 'Ad beatae corrupti qui.', NULL, 'Cupiditate vitae repellat hic recusandae.', NULL, 'Earum quia beatae vel aut quo aliquid. Aperiam ab architecto recusandae perspiciatis deserunt. Voluptatem eius quis occaecati maxime. Magni totam quo eum sapiente blanditiis est eveniet excepturi. Fugit laudantium eaque quae exercitationem sed adipisci omnis. Inventore dicta impedit iusto natus dicta accusamus ut est. Enim praesentium magnam sit eaque est earum qui aperiam. Odit voluptas et accusamus aperiam odit.', '2018-01-29 08:30:56', '2018-01-29 08:30:56'),
(120, 120, 'Odit nisi quis non error et perferendis praesentium.', NULL, 'Et rem ab cum praesentium.', NULL, 'Enim tenetur consequatur cum est.', NULL, 'Et quae perferendis natus inventore architecto excepturi soluta magni.', NULL, 'Quod sunt fugit natus et necessitatibus sit voluptatem cupiditate. Sed quasi tenetur eum et ipsum et ipsum impedit. Dolorem vitae eveniet est nam provident. Aspernatur consequatur provident voluptatem consequuntur quae molestiae magnam. Labore esse autem est harum vero pariatur. Tenetur alias rem temporibus nam. Voluptatibus cupiditate explicabo asperiores.', '2018-01-29 08:30:56', '2018-01-29 08:30:56'),
(121, 121, 'Quaerat velit saepe quae aliquam temporibus atque adipisci.', NULL, 'Laborum odit non veritatis ratione.', NULL, 'Pariatur numquam distinctio qui qui error.', NULL, 'Et quia totam cupiditate perferendis.', NULL, 'Consequatur placeat quia culpa voluptas minima sint quos. Fugiat vitae error numquam et occaecati qui. Aperiam quis architecto ullam totam. Nulla hic officiis consequatur voluptate architecto. Aut ipsum eos provident itaque a unde et. Nihil temporibus ipsa quis doloribus rem qui. Non pariatur porro ad in sit. Sapiente excepturi ea alias facere suscipit et quis.', '2018-01-29 08:30:56', '2018-01-29 08:30:56'),
(122, 122, 'Ab vitae sequi modi rerum eos eius quisquam.', NULL, 'Vitae ea sit beatae adipisci voluptas nemo.', NULL, 'Beatae impedit rerum vitae officia qui voluptates sed itaque.', NULL, 'Sunt enim voluptates adipisci perferendis rerum reiciendis.', NULL, 'Animi in asperiores animi culpa asperiores. Laboriosam occaecati rerum et fugit. Et qui saepe sed eius enim similique voluptas ut. Voluptatem et animi quidem facilis. Dolore cum quaerat officiis et. Ea commodi et deleniti distinctio. Saepe ex repellat non temporibus. Tempore ipsum et qui sunt dicta voluptatem corrupti voluptatem. Occaecati autem illo blanditiis explicabo voluptatem. Reiciendis optio eius mollitia repudiandae odio doloribus. Eum veritatis ipsa soluta dolores. Et soluta excepturi non vitae necessitatibus quibusdam quam. Sequi sapiente enim distinctio nostrum repellat odit magni velit.', '2018-01-29 08:30:56', '2018-01-29 08:30:56'),
(123, 123, 'Veritatis saepe quia perferendis fuga.', NULL, 'Necessitatibus saepe eligendi sed culpa.', NULL, 'Sapiente quibusdam voluptas necessitatibus at autem.', NULL, 'Labore velit voluptatem neque enim perferendis ut.', NULL, 'Rerum omnis maxime rem omnis qui est. Magnam odio est quia sit doloribus ea optio. Atque pariatur ex voluptatem voluptatem deleniti. Laborum fugit perspiciatis quia unde dignissimos quisquam dolore. Odit voluptatem voluptatem excepturi sint soluta sint. Possimus voluptatibus quasi vitae aut odit accusantium nemo. Cum incidunt fuga eum dolorem. Amet sit nihil consequatur unde voluptatem. Consequatur provident et harum voluptas molestiae quod magni. Ducimus sint sint eum minima voluptas. Et placeat laboriosam unde similique rem.', '2018-01-29 08:30:56', '2018-01-29 08:30:56'),
(124, 124, 'Praesentium odit qui debitis.', NULL, 'Aut velit quas sed consectetur culpa.', NULL, 'Quo ea est qui quae quibusdam.', NULL, 'Animi ipsum totam saepe.', NULL, 'Delectus ut facere doloremque ratione amet. Dolore rerum consequuntur porro ex. Non aliquid qui officiis sed enim sed vel et. Et distinctio et tempora est quis atque aut. Nihil modi aperiam numquam id. Id fugiat deserunt autem quas quod. Architecto mollitia sunt ut perspiciatis sed consequatur. Labore quo facere laborum et et rerum. Voluptatem sint molestias totam hic beatae dolore. Debitis commodi fugit rerum consequatur qui excepturi eos. Laboriosam illo quas voluptates earum nam optio. Facere sed aut quis soluta asperiores nihil. Aut impedit earum ut at placeat.', '2018-01-29 08:30:56', '2018-01-29 08:30:56'),
(125, 125, 'Odit neque sequi ut rerum praesentium.', NULL, 'Nobis quia exercitationem ad quos aut rem deleniti est.', NULL, 'Aliquid quia ipsa amet voluptatem saepe aspernatur nihil.', NULL, 'Sint rerum debitis dolorum quod voluptates et fuga.', NULL, 'Dolores rerum nihil amet enim nulla vel. Harum dolore rerum iste est labore rerum et. Ut cumque rerum inventore. Enim dicta molestiae distinctio. Officiis similique suscipit repudiandae alias. Est magnam occaecati id soluta non est.', '2018-01-29 08:30:56', '2018-01-29 08:30:56'),
(126, 126, 'Voluptatem nisi voluptate eos ad.', NULL, 'Aut ut assumenda consequatur.', NULL, 'Accusamus adipisci et aut quo velit ex.', NULL, 'Atque neque consectetur harum sed est hic.', NULL, 'Ut illo consequatur temporibus repellendus. Optio eius qui exercitationem ullam inventore nostrum rerum. Repellendus culpa sed ad quisquam quas velit quia. Eveniet quo temporibus mollitia quod. Minus ratione ab eaque numquam. Porro voluptates et et autem voluptatem nulla dolore voluptatem. Expedita cumque officia repellendus quo. Natus deserunt sunt dignissimos laborum harum. Illo enim eveniet quos autem ipsum saepe.', '2018-01-29 08:30:56', '2018-01-29 08:30:56'),
(127, 127, 'Reprehenderit repudiandae fuga praesentium.', NULL, 'Temporibus perferendis deleniti odit aut.', NULL, 'Provident magnam quo quod eveniet.', NULL, 'Suscipit est maiores accusantium laudantium hic.', NULL, 'Magnam veniam aut sit ut et. Ducimus et rem autem dignissimos earum ut. Quia consectetur ducimus amet qui sit in. Provident tempore iure est cupiditate commodi at et aut. Itaque quis et debitis cupiditate est occaecati sunt. Laudantium quis nihil eius eius repellat. Earum aut consequatur voluptas quia et. Occaecati rerum nesciunt natus sit. Inventore qui placeat rerum quisquam voluptas repudiandae facere magnam.', '2018-01-29 08:30:56', '2018-01-29 08:30:56'),
(128, 128, 'Aliquid perferendis similique mollitia nulla ea eum.', NULL, 'Maiores asperiores reiciendis aliquam est et sint.', NULL, 'Delectus exercitationem eum distinctio maxime sed et possimus rerum.', NULL, 'Ab qui accusantium sit et aut illum repudiandae ipsa.', NULL, 'Eveniet odio iste sit eligendi aut et vero. Ut alias debitis aperiam est ea veniam. Assumenda dolores dolor veniam amet labore est. Consectetur soluta ipsa ipsum est. Officiis nam at ad quasi eveniet magni. Et reprehenderit dolores beatae hic doloribus. Ipsum reiciendis assumenda magni vitae tenetur ipsa modi neque.', '2018-01-29 08:30:56', '2018-01-29 08:30:56'),
(129, 129, 'Pariatur id iure repellat molestias occaecati ducimus dolorum consequatur.', NULL, 'Ullam qui inventore beatae eius voluptatem.', NULL, 'Laborum nam dolorem cum voluptates exercitationem non.', NULL, 'Alias nisi hic nam molestiae.', NULL, 'Distinctio aut optio nemo nam voluptas. Accusamus dolore iure magni beatae magnam. Voluptate qui praesentium soluta ipsam. Quae nulla non consequatur ut aut asperiores. Id eos eveniet ut amet ut repudiandae non. Pariatur voluptatem sunt eius quia velit et ad. Consequatur eveniet sed officiis voluptas in voluptatem nobis. Perferendis veritatis quibusdam qui architecto nisi. Voluptatibus sint error expedita labore accusantium. Possimus sit ut labore cumque.', '2018-01-29 08:30:57', '2018-01-29 08:30:57'),
(130, 130, 'Autem autem sit architecto consequatur pariatur eum.', NULL, 'Aliquam necessitatibus itaque ratione officia assumenda.', NULL, 'Excepturi voluptatum suscipit possimus quibusdam.', NULL, 'Vitae voluptatem maxime minus ipsam et.', NULL, 'Laborum nostrum possimus qui eius doloremque distinctio. Minima sequi enim iusto ut qui nulla. Qui ea et totam explicabo voluptatem. Expedita architecto repellendus veniam quis. Et recusandae eaque esse aut impedit impedit. Aliquam vitae vitae quas adipisci quaerat delectus voluptatibus. Non aut distinctio voluptatibus sapiente voluptatem. Architecto maxime quo minus ea illo voluptatem non. Ipsa porro aut beatae voluptas sequi.', '2018-01-29 08:30:57', '2018-01-29 08:30:57'),
(131, 131, 'Dolor quod nesciunt veniam repudiandae.', NULL, 'Eos excepturi tenetur recusandae cum molestiae.', NULL, 'Vel et officiis in quia sequi et.', NULL, 'Magni modi ad iste hic.', NULL, 'Dolorum explicabo corporis est nesciunt saepe distinctio ratione. Et illo incidunt odit ut maiores beatae. Dolor id voluptate rerum eaque. Sunt deleniti dolorem sapiente eveniet voluptatem eveniet. Officia aut officia labore quod saepe iste. Natus eum laboriosam enim et quaerat voluptatum. Nihil dolorem et perspiciatis beatae reprehenderit quaerat. Minus molestias quod occaecati laborum autem alias quo.', '2018-01-29 08:30:57', '2018-01-29 08:30:57'),
(132, 132, 'Ipsum sit cumque at exercitationem.', NULL, 'Odio omnis magni quo accusantium autem debitis.', NULL, 'Omnis voluptas a nihil sunt.', NULL, 'Ut fuga quis maiores odit nobis maiores.', NULL, 'Aperiam id a facere dicta est aliquam est omnis. Est et fuga velit voluptas omnis accusamus aspernatur. Minus vel excepturi non quo. Sed possimus quam voluptas vel qui quia. Minus possimus voluptate ut rerum. Atque voluptatibus suscipit quia excepturi. Omnis provident odit natus assumenda sed.', '2018-01-29 08:30:57', '2018-01-29 08:30:57'),
(133, 133, 'Ratione sit sapiente non necessitatibus nihil reiciendis aut.', NULL, 'Sit blanditiis dolorum ipsa.', NULL, 'Et assumenda maiores ratione repellendus impedit.', NULL, 'Voluptas sit deserunt sequi asperiores nobis ea.', NULL, 'Adipisci quisquam et at perferendis. Necessitatibus assumenda modi odit molestiae et est asperiores reiciendis. Et aliquam repudiandae fugiat perferendis eum. Facilis accusantium nisi est saepe. Et voluptatem suscipit quos qui. Tenetur minima fuga exercitationem placeat exercitationem enim. Blanditiis quo eligendi quis quaerat. Inventore facilis eum accusamus omnis. Repellendus ullam sit sed assumenda ullam quia autem. Nobis adipisci saepe autem quia alias.', '2018-01-29 08:30:57', '2018-01-29 08:30:57'),
(134, 134, 'Sint incidunt molestiae tempora recusandae magni qui.', NULL, 'Ipsam perspiciatis in id dolorem asperiores.', NULL, 'Voluptates repellendus sit consequatur magni autem repellat.', NULL, 'Quia eligendi cupiditate alias dolorem cupiditate.', NULL, 'Voluptatem ea sit nisi nam blanditiis. Dignissimos nihil porro eos inventore laboriosam fuga. In modi sed qui. Et et asperiores magnam provident ab ullam.', '2018-01-29 08:30:57', '2018-01-29 08:30:57'),
(135, 135, 'Et et iure iusto temporibus natus quam nihil aut.', NULL, 'Aperiam rem beatae sunt exercitationem ex.', NULL, 'Labore itaque aut in assumenda.', NULL, 'Doloribus in magnam id qui.', NULL, 'Excepturi quam in totam dignissimos sed atque. Ut accusantium amet beatae nulla. Ab laborum id ea nam ipsam qui. Dolorem tempora ut nobis tenetur ut placeat culpa mollitia. Earum reiciendis et quod velit placeat. Quae neque accusamus est error. Tenetur ut ab voluptatibus ea laboriosam voluptatem ullam. Possimus ut ea sunt tenetur quis libero reiciendis. Qui pariatur nam necessitatibus laudantium.', '2018-01-29 08:30:57', '2018-01-29 08:30:57'),
(136, 136, 'Eos et ut sed esse.', NULL, 'Similique quia et et nemo animi aliquid inventore nihil.', NULL, 'Molestias est facilis ut ea.', NULL, 'Nihil exercitationem sed quia ut fugiat tempora maxime.', NULL, 'Et adipisci in id commodi nulla cum consequatur. Voluptas iusto beatae quia. Quia omnis officiis sint. Aut enim ea rem voluptatem. Officia ut aliquid sed similique. Nostrum odio laborum veniam tempore quia praesentium ea. Incidunt modi vel laboriosam ipsam voluptatibus aut corrupti. Sint sit dolores facilis illum. Enim quo qui ut magni libero. Commodi fuga facilis sit. Vel id aliquid illum accusantium. Similique nesciunt sunt quo praesentium ea rem deserunt. Officia laudantium maiores esse.', '2018-01-29 08:30:57', '2018-01-29 08:30:57'),
(137, 137, 'Necessitatibus illum distinctio sint quos et qui ullam.', NULL, 'Modi ratione reiciendis rem cum non saepe saepe.', NULL, 'Similique optio et et eveniet.', NULL, 'Quos eos molestiae aspernatur at.', NULL, 'Qui natus sed rerum est quam. Earum sed necessitatibus sunt temporibus. Eveniet dolores in cum nostrum velit. Fuga exercitationem consequuntur id omnis eos accusantium nisi. Aut qui rerum aut dignissimos.', '2018-01-29 08:30:57', '2018-01-29 08:30:57'),
(138, 138, 'Suscipit aut quis consequatur itaque molestiae dicta.', NULL, 'Nihil animi nobis aut facilis reiciendis.', NULL, 'Quis inventore aut consequatur ab in ea.', NULL, 'Ut error excepturi optio id ut consequatur eos.', NULL, 'Magnam aut qui unde iusto soluta fuga. Provident quia quod corporis omnis et est quia. Ut sed facere nihil beatae. Dolor voluptas maxime fugiat qui sapiente. Laboriosam nihil commodi non illum. Nobis repellat fugit consequuntur odio. Aspernatur est aut et est nemo esse qui. Deserunt consectetur voluptas enim.', '2018-01-29 08:30:57', '2018-01-29 08:30:57'),
(139, 139, 'In et vel deserunt dolore iure earum.', NULL, 'Ratione ipsa expedita incidunt eligendi delectus illo vitae molestias.', NULL, 'Veniam veritatis repellat ab veritatis.', NULL, 'Reprehenderit distinctio quis necessitatibus.', NULL, 'Voluptas est aspernatur et iure. Quia dolorum nihil exercitationem sint est facilis dignissimos. Ut aut hic iure ipsam necessitatibus quo. Asperiores sint sit velit deserunt consequatur et est. Quos labore laborum eos repellat ipsum et dolores. Odit sint et nulla odit. Culpa atque eveniet sint perferendis enim. Saepe repellendus distinctio amet nemo nemo.', '2018-01-29 08:30:57', '2018-01-29 08:30:57'),
(140, 140, 'Qui officia neque dignissimos nemo officiis inventore.', NULL, 'Officia ea maxime rem dolorum rem magnam odit.', NULL, 'Officiis nihil quia voluptates et tenetur nemo odio.', NULL, 'Doloribus dolorum quibusdam nostrum sit voluptates aliquid delectus.', NULL, 'Repellat rerum quaerat tenetur quis velit mollitia. Dignissimos doloremque vel inventore illo. Iure ut sit omnis rem. Autem incidunt voluptas facilis numquam. Ex et non et sequi facilis quam beatae. Omnis dolores porro sed eligendi. Temporibus officia unde quisquam quod.', '2018-01-29 08:30:57', '2018-01-29 08:30:57'),
(141, 141, 'Eaque perferendis quam atque reiciendis.', NULL, 'Enim qui sint esse iste.', NULL, 'Dolores exercitationem dicta quod.', NULL, 'Illo molestiae doloribus omnis suscipit ullam dolores.', NULL, 'At dicta unde dolore aut blanditiis. Consectetur molestiae et tempore nisi. Ipsa assumenda voluptas voluptatum voluptate eum quibusdam nihil. Et laudantium id voluptatem quia voluptas et.', '2018-01-29 08:30:57', '2018-01-29 08:30:57'),
(142, 142, 'Cumque aliquam deleniti iure enim sed soluta recusandae.', NULL, 'Eum et harum omnis omnis et.', NULL, 'Quisquam fugiat et corporis aperiam et harum voluptas inventore.', NULL, 'Voluptatem amet deserunt debitis.', NULL, 'Delectus dolor deleniti sit doloremque. Dolor dicta et eveniet consectetur architecto. Consectetur aut omnis velit minima. Autem ducimus tempora est nostrum. Iste enim et ducimus aliquam.', '2018-01-29 08:30:57', '2018-01-29 08:30:57'),
(143, 143, 'Corrupti et dicta explicabo animi.', NULL, 'Voluptas officiis nostrum aperiam harum natus cupiditate.', NULL, 'Quo sit voluptates repudiandae velit mollitia cupiditate qui.', NULL, 'Voluptatem sed et debitis repellat dolor sit accusantium fugit.', NULL, 'Omnis aperiam non minima qui omnis. Provident officiis atque consectetur natus. Quaerat consequatur debitis quae aliquid sed consequatur ea soluta. Natus sint architecto perferendis porro eveniet sit tempore. Nisi voluptatem vitae maiores soluta est veritatis. Et facere magnam voluptatibus.', '2018-01-29 08:30:57', '2018-01-29 08:30:57'),
(144, 144, 'Suscipit accusamus nemo debitis quia adipisci.', NULL, 'Maxime et unde aspernatur suscipit.', NULL, 'Ratione dolorem voluptatem maxime est.', NULL, 'Repudiandae sint necessitatibus nihil qui ut iure nisi.', NULL, 'Labore quia ducimus autem vitae facilis alias ut nihil. Nihil sed occaecati expedita nemo omnis quis in. In aliquid nostrum dolores. Iste praesentium sunt et voluptatem et alias enim voluptas. Autem ut officiis saepe occaecati. Est sapiente totam aut in. Autem distinctio maiores et in provident dolorem consectetur.', '2018-01-29 08:30:58', '2018-01-29 08:30:58'),
(145, 145, 'Exercitationem sit ipsum repudiandae dolores.', NULL, 'Delectus temporibus ut et.', NULL, 'Quisquam nam tempore consequatur dolorum dicta eum quia.', NULL, 'Nisi iusto eveniet laborum impedit harum.', NULL, 'Est quaerat atque dolore sit omnis. Repellat dolore amet minus et. Placeat qui quibusdam non. Accusantium veritatis aliquid harum quo libero.', '2018-01-29 08:30:58', '2018-01-29 08:30:58'),
(146, 146, 'Tempore et voluptates voluptatem voluptate atque.', NULL, 'Eum quisquam suscipit temporibus quia provident beatae doloremque.', NULL, 'Nihil rerum quod odio ea quia quam perferendis.', NULL, 'Beatae sit asperiores tempora.', NULL, 'Ipsum voluptates tempore eaque aperiam aut. Rem alias dolor quam corrupti. Voluptatibus id quia molestias. Distinctio consectetur consequatur possimus odit qui esse minima. Ut quia quo molestiae. Autem aut sunt sint quo. Atque et a suscipit qui omnis eius. Facere dicta consectetur impedit commodi. Quas sequi qui consequatur et ut fugit quibusdam et.', '2018-01-29 08:30:58', '2018-01-29 08:30:58'),
(147, 147, 'Unde repellat et animi ea laborum et consequatur.', NULL, 'In possimus id hic voluptate unde et.', NULL, 'Itaque beatae assumenda et.', NULL, 'Reiciendis eveniet voluptatem recusandae occaecati sed et aspernatur.', NULL, 'Voluptate qui id accusamus mollitia commodi. Non nihil totam incidunt ipsa minus. Excepturi cupiditate velit ducimus minima soluta. Dolorem facilis cupiditate doloremque aut. Fugiat beatae voluptatem modi soluta quasi nulla odit. Quibusdam earum assumenda beatae quia. Magni qui sed ea ex.', '2018-01-29 08:30:58', '2018-01-29 08:30:58'),
(148, 148, 'Vel beatae officia fugiat.', NULL, 'Odit maxime facere debitis perspiciatis fugit.', NULL, 'Culpa voluptatibus tempora quidem earum et autem omnis quibusdam.', NULL, 'Ea rerum temporibus quae non consequatur.', NULL, 'Voluptatem blanditiis omnis nihil quaerat qui. Harum sed reprehenderit voluptatem. Quibusdam quo ut voluptatem adipisci voluptas a voluptatem repellat. Vitae laborum dolorem soluta. Ut sit nulla tempore. Iure vel sed nisi et. Est ipsum natus voluptatem voluptatem nobis.', '2018-01-29 08:30:58', '2018-01-29 08:30:58'),
(149, 149, 'Deleniti quia dignissimos illum ut minus accusantium dolorem quisquam.', NULL, 'Cum impedit ratione nihil eos ipsum quia ab.', NULL, 'Dolores provident distinctio dolorem reiciendis aut enim.', NULL, 'Deserunt dolor velit rerum nihil nihil.', NULL, 'Asperiores qui qui dolores doloremque dolorem. Ut est explicabo dolores et. Numquam tempore voluptatum est accusamus culpa numquam. Aut possimus similique dolores aut iure aut et. Impedit nostrum quod dolores vel.', '2018-01-29 08:30:58', '2018-01-29 08:30:58'),
(150, 150, 'Illum repudiandae quo delectus numquam provident.', NULL, 'Illo id excepturi sunt.', NULL, 'Et quidem id eos quibusdam sed dignissimos.', NULL, 'Est assumenda mollitia aut officia accusantium qui.', NULL, 'Eligendi sit non omnis ab sit nesciunt. Fugiat repellendus culpa dolores soluta. Est eveniet sed ut est. Minima est et ut cum suscipit neque magnam nulla. Quisquam aspernatur quaerat cumque est. Illum cumque laudantium est ad iste dolorum. Reprehenderit eius molestiae qui voluptas corrupti voluptate in. Doloremque molestiae aut porro est.', '2018-01-29 08:30:58', '2018-01-29 08:30:58'),
(151, 151, 'Id distinctio asperiores repellat autem velit qui veritatis.', NULL, 'Enim distinctio dignissimos velit est aut.', NULL, 'Nisi at et et omnis atque vel.', NULL, 'Voluptatem ea voluptatem porro similique provident aut.', NULL, 'Eum recusandae adipisci necessitatibus sit totam fugiat voluptas. Ullam aut perferendis nesciunt praesentium. Facere maiores sed officiis ad voluptas qui omnis. Et facilis officia provident placeat laudantium non. Qui aliquam iste occaecati quibusdam molestias. Et et non dolor enim. Asperiores consequuntur est sit ducimus molestias in. Et cupiditate debitis occaecati animi optio molestiae.', '2018-01-29 08:30:58', '2018-01-29 08:30:58'),
(152, 152, 'Vero qui repellendus eum.', NULL, 'Distinctio deleniti quisquam cupiditate ut pariatur.', NULL, 'Nisi accusamus et et praesentium et consequatur et.', NULL, 'Esse eos nisi id.', NULL, 'Aliquam sunt nobis et amet. Velit et omnis sunt quidem. Consequatur sunt dolor aliquam ut architecto aspernatur quo dolorem. Aperiam totam asperiores molestias incidunt. Quia sapiente hic recusandae atque officiis rerum. Et facilis et ab laborum labore omnis dolores. Neque in natus corrupti soluta quas ratione tempore. Earum amet impedit illum.', '2018-01-29 08:30:58', '2018-01-29 08:30:58'),
(153, 153, 'Ipsum impedit commodi ipsa neque.', NULL, 'Omnis quo sequi voluptas.', NULL, 'Sapiente cumque dignissimos et dolores sint omnis quasi.', NULL, 'Voluptates officia iste quia in sit eum aut.', NULL, 'Voluptatem exercitationem dolor rerum libero. Cumque corrupti modi aut dolorem distinctio est voluptas. Optio voluptatem quia perferendis deserunt libero. Id culpa laboriosam voluptas voluptatum nihil. Nihil eos occaecati quam.', '2018-01-29 08:30:58', '2018-01-29 08:30:58'),
(154, 154, 'Autem autem voluptatem quaerat veniam.', NULL, 'Ut similique laborum veniam est non et voluptatem.', NULL, 'Eos accusamus fugit similique.', NULL, 'Nemo omnis voluptates distinctio quaerat atque.', NULL, 'Aut numquam dolorem quos ab iste cupiditate officia vel. Quam expedita ab nam. Temporibus non blanditiis omnis iste incidunt recusandae nemo. Est quis hic ab ut. Ea maiores fugiat id voluptatibus sed. Qui sed ut rerum est eos. Quo dicta labore numquam blanditiis molestias fuga culpa.', '2018-01-29 08:30:58', '2018-01-29 08:30:58');
INSERT INTO `answers` (`id`, `question_id`, `ansa`, `ansa_img`, `ansb`, `ansb_img`, `ansc`, `ansc_img`, `ansd`, `ansd_img`, `question_desc`, `created_at`, `updated_at`) VALUES
(155, 155, 'Excepturi et ipsa in temporibus voluptas eum.', NULL, 'Laboriosam eum nostrum dolores odit eos maxime qui.', NULL, 'Aut similique aut tempore.', NULL, 'Omnis atque qui ut optio.', NULL, 'Velit ab incidunt eveniet. Consequuntur iste aut fugit culpa quis. Enim hic rem est cumque iusto eum soluta. Qui qui culpa dolore magni et voluptas voluptas tenetur. Delectus possimus voluptas autem earum et aut laudantium dicta. Et alias ducimus et et voluptatibus aut quaerat. Corporis libero vitae dolorem. Ipsam quo officiis provident fugit. Voluptatem a iusto esse culpa qui aut eum. Nemo provident in ut nisi laudantium quia occaecati.', '2018-01-29 08:30:58', '2018-01-29 08:30:58'),
(156, 156, 'Ut perferendis ipsum occaecati ipsam dolor.', NULL, 'Et facere ut deserunt voluptatem unde.', NULL, 'Et et et et sed rerum inventore.', NULL, 'Necessitatibus exercitationem sit quia delectus.', NULL, 'Et id dignissimos hic accusamus qui aspernatur. Autem odit nihil fugiat. Et dolor fuga odio amet eius. Et quo velit officiis sapiente aut harum. Ad iste perferendis expedita culpa asperiores.', '2018-01-29 08:30:58', '2018-01-29 08:30:58'),
(157, 157, 'Quia officia ullam doloremque molestiae.', NULL, 'Fugit quae placeat ut sit.', NULL, 'Voluptatem eveniet nulla sed officia commodi inventore.', NULL, 'Facere eos beatae impedit voluptatum impedit dolorum.', NULL, 'Ex aut repellat quo voluptatem porro tempora ut voluptatem. Sit perspiciatis qui possimus hic et cumque rem. Deserunt repudiandae aliquam est. Enim soluta architecto occaecati fugit unde corrupti veniam. Est qui deleniti eum optio. Nostrum voluptatem accusamus officia qui molestiae. Dicta dolor animi est quam eaque. Et aliquam consequuntur maxime doloremque. Est rerum laudantium alias et maxime. Fugiat voluptatem voluptas accusantium qui odio. Enim hic excepturi nulla accusantium.', '2018-01-29 08:30:58', '2018-01-29 08:30:58'),
(158, 158, 'Ipsa et et eius magni.', NULL, 'Adipisci ex enim quia pariatur possimus.', NULL, 'Ea quos nam dolores quaerat facilis totam.', NULL, 'Et sint ea nemo nihil quis nesciunt eius.', NULL, 'Voluptatum incidunt veritatis molestias. Sint iure et est eius voluptatem. Est voluptatem sapiente et molestiae quibusdam. Aut quis repellendus nesciunt maxime dolores. Dolorem laborum possimus et unde non in officia. Fugit et ratione est veniam. Quo ad qui fugiat omnis. Deleniti optio qui voluptatem non numquam assumenda atque cum. Et qui quo occaecati velit repellendus similique. Et dolorem et et.', '2018-01-29 08:30:58', '2018-01-29 08:30:58'),
(159, 159, 'Quo doloremque iure est tenetur dolore est illo.', NULL, 'Dolorem sapiente sed vel quia iusto.', NULL, 'In nisi doloremque dolorem sunt et.', NULL, 'Non unde harum officia tempore.', NULL, 'Ex nisi sint pariatur impedit quos. Nihil enim laborum unde minus. Eius fugit dolor iure beatae voluptatem animi ipsa. Consequuntur eum aut ipsa.', '2018-01-29 08:30:58', '2018-01-29 08:30:58'),
(160, 160, 'Deleniti earum molestiae non non earum facilis.', NULL, 'Laboriosam corrupti amet reprehenderit natus impedit odit.', NULL, 'Dignissimos cum nihil libero ut temporibus perferendis aut.', NULL, 'Odio dolores nulla sint earum sit voluptatum autem.', NULL, 'Aut eum dolores excepturi non nulla sed voluptates quis. Dolorem molestiae et tempora vero beatae velit aut. In aut unde repellat. Dolores enim molestiae voluptatibus voluptas similique ipsam iure perspiciatis. Voluptatem sint deleniti impedit aperiam. Adipisci et fugiat eaque qui. Ipsa laborum saepe sed animi adipisci. Beatae eos adipisci fugiat dicta.', '2018-01-29 08:30:59', '2018-01-29 08:30:59'),
(161, 161, 'Praesentium illo aperiam qui sit.', NULL, 'Voluptas sequi ut sit.', NULL, 'Eos dolor ad quae autem molestias itaque.', NULL, 'Provident et iusto dolorum soluta repudiandae.', NULL, 'At sed est cumque nihil. Modi et enim illum voluptatibus. Quas voluptatem vel est omnis harum porro at. Explicabo est excepturi similique dolor aut nemo labore dolorem. Soluta aut minima eaque ut ullam laborum. Itaque commodi hic et ut. Modi et quibusdam aut natus aut adipisci.', '2018-01-29 08:30:59', '2018-01-29 08:30:59'),
(162, 162, 'Doloremque voluptatum omnis aut nihil corrupti non exercitationem.', NULL, 'Consequatur sit natus in minima rerum.', NULL, 'Odit quia quisquam odit distinctio dolore autem dolorem.', NULL, 'Possimus numquam autem et quae eum voluptas repudiandae impedit.', NULL, 'Porro enim consequuntur minima nihil. Ipsa nisi veritatis id dolorem et aut. Reiciendis porro praesentium aut libero officia aut voluptate qui. Asperiores quas numquam veritatis eligendi. Sapiente consequatur id necessitatibus a explicabo non.', '2018-01-29 08:30:59', '2018-01-29 08:30:59'),
(163, 163, 'Officiis odit tempora quo impedit.', NULL, 'Soluta similique culpa adipisci doloremque voluptate culpa nihil.', NULL, 'Nam animi sit mollitia numquam.', NULL, 'Odit sunt officiis excepturi neque molestias.', NULL, 'Aut delectus maxime at labore. Ipsum et tenetur enim et ut. Omnis nemo necessitatibus recusandae corrupti veritatis expedita. Placeat veniam at excepturi assumenda error. Beatae aut rerum dolorem cumque quod consectetur et illum. Possimus est recusandae est ad eum quia.', '2018-01-29 08:30:59', '2018-01-29 08:30:59'),
(164, 164, 'Nostrum excepturi eos et omnis ut adipisci.', NULL, 'Quisquam exercitationem itaque at.', NULL, 'Aliquid placeat repellat aut.', NULL, 'Accusamus exercitationem ut molestias ut et quis.', NULL, 'Inventore at voluptas nisi est a aut fugiat nesciunt. Officia consequatur laborum repudiandae fugit id iusto harum. Non temporibus dignissimos ut inventore eligendi deleniti accusamus dolore. Facilis qui laudantium aut praesentium exercitationem cumque porro. Esse occaecati qui dolores tempora consequatur tempore aspernatur. Modi qui sunt quo sed illo unde cumque. Consequatur non voluptatem non atque quis dicta. Et impedit nesciunt culpa impedit. Blanditiis quia doloribus recusandae et corrupti voluptas laborum. Libero quasi rem deleniti aliquam ut.', '2018-01-29 08:30:59', '2018-01-29 08:30:59'),
(165, 165, 'Ad accusantium suscipit accusantium recusandae enim rem illo.', NULL, 'Molestiae consequatur ab eum nesciunt incidunt.', NULL, 'Officia autem et neque harum omnis eaque fugit.', NULL, 'Quo quia in magnam sunt dolor veritatis.', NULL, 'Et reprehenderit eum ex et hic suscipit earum eligendi. Debitis enim dolorem in magni et necessitatibus vel. Aspernatur sapiente sequi quasi consequatur mollitia. Quam sit excepturi nisi eos. Officia necessitatibus et placeat et iure.', '2018-01-29 08:30:59', '2018-01-29 08:30:59'),
(166, 166, 'Est repellendus quis commodi non animi ut vero.', NULL, 'Est non nobis enim.', NULL, 'Iusto reprehenderit qui et itaque repudiandae.', NULL, 'Et est quod culpa.', NULL, 'Ut neque quia velit eius. Impedit dolorem repellat asperiores dolorem. In excepturi ea nulla alias qui accusantium numquam. Aliquam quidem ut est culpa. Et quia dolorum dolorum placeat quibusdam. In labore recusandae aperiam atque excepturi et. Amet ratione provident id est deleniti sit. Id voluptatibus quas fugit incidunt.', '2018-01-29 08:30:59', '2018-01-29 08:30:59'),
(167, 167, 'Voluptas sit illum ipsum neque.', NULL, 'Ut et fuga totam error.', NULL, 'Doloremque ut ut qui impedit occaecati adipisci dolorum harum.', NULL, 'Sunt laborum autem occaecati optio quia.', NULL, 'Saepe qui iste possimus repellat qui. Accusamus ut autem saepe velit. Reprehenderit voluptatibus magni nihil recusandae ipsam. Possimus similique non et itaque. Atque at cupiditate veritatis sed ut voluptatem. Eius voluptatem perferendis sequi numquam velit. Aut dolor minus culpa fugit labore aperiam accusantium tempore. Doloribus tempora et voluptatem optio quis.', '2018-01-29 08:30:59', '2018-01-29 08:30:59'),
(168, 168, 'Cupiditate deleniti quasi possimus sit ullam esse.', NULL, 'Aut enim possimus beatae.', NULL, 'Porro perspiciatis ut voluptas et quia aspernatur.', NULL, 'Quo reprehenderit hic ipsum.', NULL, 'Commodi eveniet voluptatem aut totam et. Velit rerum inventore ea harum quam. Non et voluptates dolor impedit delectus atque ratione. Eveniet voluptatem rerum rerum qui. Magni id pariatur qui laborum quo in. Quasi maxime ipsa sed repellat. In alias quia labore dolorem quo.', '2018-01-29 08:30:59', '2018-01-29 08:30:59'),
(169, 169, 'Error sit accusamus libero possimus rem quisquam.', NULL, 'Quis animi velit laudantium tempora ut autem assumenda.', NULL, 'Et expedita numquam praesentium.', NULL, 'Et distinctio aut et quaerat consequatur.', NULL, 'Accusantium non ut libero harum. Autem velit laborum in dolore autem tenetur. Aspernatur sed autem iure beatae ut provident. Sunt minus corporis rem et accusantium. Vero repellat voluptatem ipsum temporibus. Laboriosam laboriosam architecto voluptas quis. Quisquam omnis aperiam debitis unde in consequatur. Dolorem aperiam reprehenderit dicta quasi eveniet ut esse. Assumenda non autem enim error aliquid.', '2018-01-29 08:30:59', '2018-01-29 08:30:59'),
(170, 170, 'Cumque accusamus nam rerum molestiae est.', NULL, 'Repellendus dolor et laudantium porro fuga quaerat itaque ipsum.', NULL, 'Vero nulla in excepturi iste in perferendis eum.', NULL, 'Odio repellendus mollitia vitae voluptatibus.', NULL, 'Laudantium animi aspernatur aut quia id voluptatem asperiores. Soluta aspernatur fugiat cumque autem recusandae. Nisi nemo vel ut optio. Quo mollitia quam ut maxime repudiandae quis eum. Aspernatur id aut similique quis praesentium deleniti ut.', '2018-01-29 08:30:59', '2018-01-29 08:30:59'),
(171, 171, 'Quia impedit voluptate voluptatem omnis inventore ut omnis.', NULL, 'Maxime sit rem unde magnam ex amet qui.', NULL, 'Sunt assumenda corporis numquam modi.', NULL, 'Autem quidem animi recusandae consectetur rem qui.', NULL, 'Laborum eos vel voluptatum et consectetur mollitia. Sed est qui velit accusantium voluptatem exercitationem. Aut harum nam et. Laboriosam et saepe et voluptas omnis suscipit. Ipsam similique et sed quidem. Amet in consequatur perferendis molestias quia illum. Natus sunt omnis reprehenderit nulla repudiandae suscipit. Commodi aut quae est architecto iure suscipit. Esse beatae deserunt praesentium consequatur ratione. Nihil mollitia enim eum ex est. Illo voluptatibus est tempora sint. Minus nihil dolores in sint officia.', '2018-01-29 08:30:59', '2018-01-29 08:30:59'),
(172, 172, 'Neque quisquam labore corporis error.', NULL, 'Veritatis placeat et assumenda vel molestiae nisi.', NULL, 'Ut quia maxime ex laborum et delectus.', NULL, 'Rerum eos consequatur voluptatem magni vero tenetur perferendis.', NULL, 'Vero quos quo magni id repellat. Aut minus consequatur earum neque a. Ducimus quis commodi doloribus qui mollitia dolores facilis. Distinctio cum error quas deleniti non magni doloremque unde. Ducimus distinctio sit ea dolor dolores eos. Pariatur magni modi magni repellat veniam debitis non.', '2018-01-29 08:30:59', '2018-01-29 08:30:59'),
(173, 173, 'Harum veniam qui quis et asperiores possimus.', NULL, 'Consequatur autem aut doloremque blanditiis.', NULL, 'Saepe hic vero doloribus eos voluptas quas dignissimos.', NULL, 'Quo sunt voluptas rem quos amet corporis.', NULL, 'Beatae dolores maiores optio numquam quasi. Enim eligendi aliquam et occaecati voluptas natus vitae. Blanditiis quisquam eligendi numquam libero distinctio. Quis quis mollitia sit commodi. Nobis deserunt qui magnam rem non ut nobis. Recusandae beatae esse dolores delectus quas quia. Dolores dolore repudiandae placeat dolore ducimus amet. Harum dolor rerum qui fuga quia. Quas in enim ab ut ducimus sint. Rerum placeat et corporis eveniet quia distinctio soluta cum. Sed beatae est reiciendis in expedita.', '2018-01-29 08:30:59', '2018-01-29 08:30:59'),
(174, 174, 'Deserunt non architecto et perspiciatis.', NULL, 'Doloribus eos enim explicabo assumenda.', NULL, 'Hic fugit voluptatem molestias voluptatum.', NULL, 'Magni et consequuntur incidunt consequatur odit amet.', NULL, 'Aliquid commodi blanditiis at eum quod atque reiciendis. Repudiandae fugit voluptatem vero in. Aut qui at voluptates est et eligendi voluptatem. Excepturi minus quos eum numquam laboriosam a dolores numquam. Tenetur dolor nostrum accusamus cum magnam. Voluptas et fugit at ipsa nisi voluptatem. Saepe aliquid voluptas est quas omnis est. Minus consequatur voluptate cumque qui. Aut rerum consequatur magnam excepturi quas illum earum.', '2018-01-29 08:30:59', '2018-01-29 08:30:59'),
(175, 175, 'Non ratione voluptate nulla.', NULL, 'Laborum sit consequuntur eos perspiciatis fugiat est nobis.', NULL, 'Sint aut deleniti rerum sequi perspiciatis et nostrum.', NULL, 'Ipsam consequatur est distinctio ex itaque pariatur.', NULL, 'Quod commodi ut autem consequatur ea omnis explicabo autem. Nihil nemo sed deleniti sunt ipsam suscipit. Culpa ipsa excepturi eum dolore. Quo et sunt aut quia qui in. Possimus molestiae totam velit qui et magni.', '2018-01-29 08:30:59', '2018-01-29 08:30:59'),
(176, 176, 'Incidunt dolor quia aut eveniet quia non.', NULL, 'Sunt rerum animi saepe perferendis reprehenderit maxime voluptatem.', NULL, 'Dolorum voluptatem aut numquam iste deserunt necessitatibus.', NULL, 'Asperiores et sit eum sed et dicta nesciunt.', NULL, 'Iure aut et ab. Qui laborum magni minus quidem explicabo esse. Qui omnis asperiores vel officia explicabo. Officiis sed sequi ad quaerat. Iusto occaecati omnis accusamus nihil nisi officiis voluptate.', '2018-01-29 08:31:00', '2018-01-29 08:31:00'),
(177, 177, 'Doloremque repudiandae quos molestiae eum qui esse similique.', NULL, 'Qui quia quis non aut est dignissimos.', NULL, 'Accusamus dolorum atque molestiae molestiae qui nobis quibusdam.', NULL, 'Itaque rerum beatae aspernatur aut sint.', NULL, 'Esse animi non enim aut. Sed voluptas nostrum eos omnis nam aut. Sapiente quia voluptas pariatur inventore nobis. Ipsum earum ex earum et aperiam fugit quod non. Sed aspernatur quo error. Occaecati sunt est qui. Dignissimos incidunt veniam voluptatem recusandae. Officiis et rerum id ea rem.', '2018-01-29 08:31:00', '2018-01-29 08:31:00'),
(178, 178, 'Quo porro aut voluptatem architecto.', NULL, 'Omnis totam labore quis numquam.', NULL, 'Illum cumque voluptatem esse delectus unde minima.', NULL, 'Illum nihil veritatis nihil.', NULL, 'Qui consequuntur commodi quam pariatur. Libero nihil neque ea sint. Omnis sed explicabo ut. Dicta ut aut ut aut dolore. Nulla et consequuntur ut voluptate earum dignissimos facilis. Voluptatibus sunt rerum est dolorum amet omnis repellendus. Reiciendis voluptate omnis officiis sequi tempora. Assumenda eaque quos non beatae omnis sequi.', '2018-01-29 08:31:00', '2018-01-29 08:31:00'),
(179, 179, 'Rerum delectus enim doloribus molestiae.', NULL, 'Quo est quibusdam incidunt.', NULL, 'Aliquid deserunt sint animi porro ut.', NULL, 'Aut quo ad non architecto dicta.', NULL, 'Qui labore provident necessitatibus et accusamus magnam. Aliquam at maxime expedita. Accusamus sint voluptas dolorum et quia qui minus. Voluptatem omnis voluptatem voluptas optio. Doloremque quia sapiente laudantium id non corrupti eveniet. Quos in aut et eligendi aut quas fuga. Dignissimos minus asperiores odio. Incidunt rem voluptatem et sint reiciendis cum.', '2018-01-29 08:31:00', '2018-01-29 08:31:00'),
(180, 180, 'Ut asperiores est necessitatibus qui fuga.', NULL, 'Vero aliquid voluptatem aut consequuntur ut veritatis.', NULL, 'Ut occaecati architecto laboriosam.', NULL, 'Cupiditate et esse error quo consequuntur ut tempora.', NULL, 'Sunt hic explicabo tenetur repellendus voluptatem iste sapiente nihil. Voluptas quia et quasi natus accusamus officiis. Minima blanditiis et nihil rem saepe excepturi facilis. Porro est et ut dolores nemo. Eius eos autem sit provident quis. Praesentium quos dolores sint dolor occaecati. Laboriosam minus quasi et repellat. Et recusandae voluptatem veritatis rerum sed. Sunt inventore ut voluptas et sit numquam possimus consequatur.', '2018-01-29 08:31:00', '2018-01-29 08:31:00'),
(181, 181, 'Fugit temporibus laborum vero ipsa recusandae excepturi.', NULL, 'Voluptatibus quia perspiciatis quo quas ipsum tempore.', NULL, 'Illum praesentium maxime a voluptatem quia adipisci.', NULL, 'Quibusdam qui quis ipsum.', NULL, 'Enim ea minima rerum. Soluta qui ad et quaerat voluptatibus explicabo. Rerum quia a aut consequatur quis. Dicta recusandae ratione sed eveniet. Facilis similique velit sit reprehenderit totam ea eos aut. Ab distinctio reiciendis molestiae. Veniam incidunt nemo et excepturi explicabo. Praesentium aliquid sapiente possimus deleniti. Voluptas vel veniam nemo dolorum. Aspernatur sed maxime quod dolores est autem enim.', '2018-01-29 08:31:00', '2018-01-29 08:31:00'),
(182, 182, 'Id qui cumque qui.', NULL, 'Id ut laborum dignissimos et reiciendis in.', NULL, 'Consequatur praesentium eaque sit vel.', NULL, 'Eius et et tenetur voluptatem.', NULL, 'Voluptas et similique voluptate doloribus consectetur. Quae architecto eum animi architecto. Earum expedita rerum autem eligendi voluptas qui aliquid et. Voluptas est omnis non est voluptas perspiciatis nihil. Nesciunt incidunt accusantium sequi ex. Sed nesciunt id in dignissimos qui. Dolorum placeat laborum eligendi impedit. Deleniti nesciunt hic saepe quae. Et facere repellat repellat. Ullam fuga dignissimos debitis mollitia non quia ab quia.', '2018-01-29 08:31:00', '2018-01-29 08:31:00'),
(183, 183, 'Tempora qui labore iste illo voluptates.', NULL, 'Debitis quo illo et et reprehenderit autem qui et.', NULL, 'Illum autem hic et voluptas iure vel sit.', NULL, 'Voluptatem soluta quis laudantium dolore sint est eum.', NULL, 'Placeat quos ad est autem nihil iure sit. Reiciendis at eos asperiores aut magnam et omnis. Exercitationem eum consequatur doloremque aliquam occaecati. Reprehenderit deserunt aut est fugiat. Cupiditate aut id quis quaerat libero. Praesentium asperiores beatae numquam dolores voluptatem deserunt.', '2018-01-29 08:31:00', '2018-01-29 08:31:00'),
(184, 184, 'Optio autem quis quis nisi.', NULL, 'Id accusantium inventore facere eum similique est rerum autem.', NULL, 'Quis at minus itaque aut itaque sed consequatur.', NULL, 'Iure quidem voluptatem non sunt in tempore.', NULL, 'Reiciendis doloremque iure facere optio sed vero quidem. Odit aut rerum voluptatem. Qui necessitatibus consequuntur distinctio architecto impedit non exercitationem. Et est officia et est inventore ipsam quo. Rem esse eos ullam id. Deserunt cupiditate nobis quo quisquam. Quos debitis repellendus eum autem dolores. Aliquam dolores fugiat in consequatur molestiae porro.', '2018-01-29 08:31:00', '2018-01-29 08:31:00'),
(185, 185, 'Qui non ab non at.', NULL, 'Quos molestiae omnis maxime voluptas natus.', NULL, 'Voluptatem neque praesentium aut dolorem voluptatem illum rem natus.', NULL, 'Velit alias mollitia repudiandae inventore est dolor sunt quis.', NULL, 'Assumenda consequatur id eos ut vitae beatae excepturi. Fuga tempore eveniet omnis qui quo aut. Est ut sint asperiores ullam minus quam voluptatem sit. Natus quia voluptas ab ipsam incidunt sit sunt. Ducimus eligendi est modi aut id. Et minus ullam dolor est atque mollitia dolor sed. Pariatur eos qui cumque voluptatibus commodi voluptatibus. Aspernatur officiis unde aut laborum sed et dicta. Maxime saepe ipsa tempora dicta ipsum nesciunt facere. Nihil rem in sequi velit in nisi rem.', '2018-01-29 08:31:00', '2018-01-29 08:31:00'),
(186, 186, 'Facilis dicta voluptatem et commodi quaerat ea.', NULL, 'Aut officia ut aut sint.', NULL, 'Vero alias enim quia ut magni ea debitis.', NULL, 'Rerum non tempore voluptates ad magnam maxime eaque.', NULL, 'Laudantium voluptates provident error consectetur non. Doloremque hic occaecati expedita dicta cupiditate placeat. Fuga iste sunt culpa porro. Tenetur quaerat et ea voluptates ut vel ex. Cumque sunt temporibus natus ut officia omnis.', '2018-01-29 08:31:00', '2018-01-29 08:31:00'),
(187, 187, 'Aspernatur nesciunt neque natus.', NULL, 'Corrupti recusandae ut velit et mollitia aperiam.', NULL, 'Ut porro molestiae rerum dolorem quibusdam consequatur.', NULL, 'Corporis nulla repudiandae recusandae.', NULL, 'Voluptatum pariatur et suscipit alias inventore fugit assumenda quia. Quam ipsam ipsa at ea laudantium. Consequatur vero voluptas voluptatibus qui magni quia totam. Alias explicabo suscipit aliquam est architecto architecto. Id reprehenderit officia sit neque voluptatibus. Accusamus culpa nesciunt ut eos. Unde aut eius est perferendis sint. Ea dolores dolores dolorum dolorem vero rem alias.', '2018-01-29 08:31:00', '2018-01-29 08:31:00'),
(188, 188, 'Et illum aspernatur veniam et cum quam nisi et.', NULL, 'Necessitatibus est qui eius enim et et.', NULL, 'Non facere nihil fuga ipsum optio qui incidunt.', NULL, 'Harum aut eum corporis laborum laboriosam iusto.', NULL, 'Occaecati ipsum aspernatur ut culpa ut. Recusandae expedita dolores et tenetur perferendis non et. Eveniet sunt voluptatibus possimus similique eligendi dolores. Qui suscipit veniam dolore dolorum tenetur provident sed quibusdam. Quia magnam quia veniam non occaecati. Velit modi rem quibusdam. Qui reiciendis iusto est et. Molestiae omnis ullam natus non. Occaecati alias quia qui vel.', '2018-01-29 08:31:00', '2018-01-29 08:31:00'),
(189, 189, 'Officiis eos ut veritatis fugiat architecto.', NULL, 'Dolorem quam ducimus veniam ipsam.', NULL, 'Possimus atque quae quia aspernatur voluptas est et perferendis.', NULL, 'Tempora nulla porro aliquid qui quia voluptas in eius.', NULL, 'Reiciendis distinctio natus quis sit distinctio odio pariatur soluta. Voluptas enim porro sit praesentium quas nam ratione. Aperiam aliquam voluptatem quaerat ipsum incidunt natus similique impedit. Quo nulla harum ut consequatur placeat voluptas quia. Quis ut et voluptas. Est quaerat reiciendis nostrum occaecati amet.', '2018-01-29 08:31:00', '2018-01-29 08:31:00'),
(190, 190, 'Non a eaque eligendi architecto ut porro.', NULL, 'Laudantium consectetur soluta non non porro laudantium sit.', NULL, 'Dicta architecto eos libero voluptatibus.', NULL, 'Cumque aut ad ipsa amet.', NULL, 'Sit nobis eveniet et vel quaerat eos pariatur. Est magni occaecati ut ipsa eos et dolorem qui. Beatae a est in qui. Et aliquid earum amet porro. Non magni corrupti tempora.', '2018-01-29 08:31:00', '2018-01-29 08:31:00'),
(191, 191, 'Nihil repellat recusandae amet dolores modi.', NULL, 'Quod perferendis ipsum ea autem.', NULL, 'Occaecati soluta quaerat temporibus voluptatem magnam.', NULL, 'Voluptatem nemo quibusdam saepe illo animi doloremque.', NULL, 'Quo ea rerum occaecati dignissimos provident quas. Maxime minima qui impedit omnis explicabo. Omnis aliquid iste ipsa assumenda est. Voluptate facere neque nesciunt dolor quia quas. Accusantium perferendis earum ipsa quibusdam corporis. Facere et fuga molestiae corporis ratione fuga. Ut molestiae debitis eligendi nesciunt natus saepe ullam eum. Voluptate sed veniam possimus dignissimos quia mollitia dicta. Autem accusamus id voluptatem nam dolor cupiditate. Ut non at ut.', '2018-01-29 08:31:00', '2018-01-29 08:31:00'),
(192, 192, 'Non ipsa et natus necessitatibus dolore odio.', NULL, 'Optio dolorum beatae quas sint.', NULL, 'Nulla quo culpa qui maxime error.', NULL, 'In quam accusamus quae qui.', NULL, 'Est quaerat voluptas nemo qui placeat nemo. Minus enim eum molestias cupiditate. Tenetur omnis adipisci nisi amet. Ipsum qui facilis possimus eos illo voluptatem. Possimus quisquam asperiores voluptatem esse rerum perspiciatis eum. Voluptatem dolore beatae suscipit maxime. Sit rerum magni exercitationem culpa mollitia.', '2018-01-29 08:31:01', '2018-01-29 08:31:01'),
(193, 193, 'Id sit est nostrum soluta sapiente porro et.', NULL, 'Eveniet quia at reprehenderit aut nulla eos.', NULL, 'Unde impedit omnis deserunt distinctio.', NULL, 'Sunt odio architecto distinctio expedita voluptatem.', NULL, 'Velit magnam iusto vero illum quam vel est. Hic omnis et sapiente autem. Repellendus omnis qui placeat ipsam. Possimus dicta est deserunt velit recusandae veniam omnis sapiente. Veritatis optio odit excepturi dolore in voluptatem est. Consequuntur perferendis cumque enim amet hic.', '2018-01-29 08:31:01', '2018-01-29 08:31:01'),
(194, 194, 'Recusandae ad repellendus reprehenderit.', NULL, 'Dolor mollitia sed doloribus vel sed.', NULL, 'Voluptas quae aspernatur sit voluptas voluptas labore.', NULL, 'Aut voluptatem ea voluptas.', NULL, 'Unde temporibus necessitatibus et nostrum eum necessitatibus. Blanditiis quia dolor explicabo explicabo reiciendis quasi. Quis sequi ut incidunt magnam laudantium vel. Quidem tempora vel corrupti vel. Quae architecto eos tempore occaecati velit eius tenetur. Iste sed illo et ut veniam itaque dolores.', '2018-01-29 08:31:01', '2018-01-29 08:31:01'),
(195, 195, 'Qui et cum omnis iure.', NULL, 'Dolores molestiae magnam sapiente tempora ut.', NULL, 'Hic est ad fugiat.', NULL, 'Iure in voluptatem aut fuga eveniet rerum voluptatem.', NULL, 'Nesciunt aut accusantium eos ad maxime incidunt. Commodi eveniet quis dolor delectus officia a. Aut doloribus distinctio minima quod. Rerum ut consequuntur recusandae ipsa. Ipsam atque impedit impedit eaque non aut. Neque cum maiores blanditiis. Quis ducimus natus asperiores sed consequatur. Doloribus quia consequatur sed consequatur sed.', '2018-01-29 08:31:01', '2018-01-29 08:31:01'),
(196, 196, 'Atque et et quia similique quas.', NULL, 'Rem voluptatem dolor et voluptatem est molestiae atque.', NULL, 'Vero quae nesciunt voluptates magni sed similique quaerat.', NULL, 'Ut est quo soluta culpa pariatur quo.', NULL, 'Eum qui iusto delectus molestias non perspiciatis. Quam sit perferendis vitae. Blanditiis iusto odio et officia consequuntur doloribus. Aliquid et omnis repellat. Aut unde reprehenderit qui debitis inventore rem debitis ut. Ab et voluptate amet corrupti.', '2018-01-29 08:31:01', '2018-01-29 08:31:01'),
(197, 197, 'Quia maiores optio sit voluptatibus quidem pariatur deserunt quidem.', NULL, 'Pariatur quia impedit enim enim molestiae.', NULL, 'Tempora harum et expedita ipsum doloribus corporis.', NULL, 'Facere vero tempore voluptatibus eos porro qui.', NULL, 'Exercitationem deserunt nostrum fugit eum illo dolorum aliquam. Veritatis sint aut commodi et architecto autem. Asperiores minus suscipit laboriosam beatae omnis cupiditate. Est iusto qui eaque minima molestiae. Nobis deserunt cum molestiae autem. In corrupti numquam quia quo tempore quas ex. Omnis quam quibusdam distinctio. Beatae inventore consequatur in voluptatum ut.', '2018-01-29 08:31:01', '2018-01-29 08:31:01'),
(198, 198, 'Et animi sed magni hic quam dolorum voluptate.', NULL, 'Sint doloribus et autem in voluptatem qui.', NULL, 'Aliquam ratione nulla in maiores odio rerum.', NULL, 'Molestiae accusamus dolorem voluptatem recusandae mollitia quo qui.', NULL, 'Et qui voluptatem libero et delectus velit. Id adipisci id dignissimos quibusdam fugit sit sed saepe. Maxime dignissimos odio et vero. Suscipit magnam ex ipsam corrupti illo suscipit. Harum mollitia maxime distinctio. Facilis perferendis molestias et provident praesentium ex. Assumenda et odio quam. Quam ipsam perspiciatis ratione optio omnis inventore ipsam est. Architecto nulla labore magnam qui voluptatem soluta iure. Eos nemo iure quia laborum qui.', '2018-01-29 08:31:01', '2018-01-29 08:31:01'),
(199, 199, 'Iste in fuga et vero quaerat est enim.', NULL, 'Pariatur quam molestias sapiente optio qui modi.', NULL, 'Ea et iure sapiente eaque et est.', NULL, 'Veniam veniam dolore commodi quas autem nostrum.', NULL, 'Numquam autem magnam possimus deleniti omnis et ut. Sit et voluptatem quisquam quaerat facere et. Quae sed optio natus similique libero atque. Tenetur consequatur facere a. Veniam iste ea minima et deleniti. Suscipit facilis amet optio blanditiis.', '2018-01-29 08:31:01', '2018-01-29 08:31:01'),
(200, 200, 'Ut aut dignissimos totam impedit hic quod itaque odio.', NULL, 'Architecto autem quo sed debitis porro sed.', NULL, 'Odio ut aut et nesciunt eos.', NULL, 'Molestias unde tempore illo sint laboriosam dolore aut.', NULL, 'Esse autem illum beatae et laborum. Quae iure veritatis nihil quis. Et sit placeat ea inventore quos sequi optio. Aut consectetur explicabo est exercitationem sed impedit in et. Omnis labore consequuntur et molestiae magnam voluptatibus. In inventore non occaecati accusamus tempore et at omnis. Molestiae dicta iusto quia et.', '2018-01-29 08:31:01', '2018-01-29 08:31:01');

-- --------------------------------------------------------

--
-- Table structure for table `chapters`
--

CREATE TABLE `chapters` (
  `id` int(10) UNSIGNED NOT NULL,
  `chapter_name` varchar(191) COLLATE utf8mb4_unicode_ci NOT NULL,
  `subject_id` int(11) NOT NULL,
  `status` tinyint(1) NOT NULL DEFAULT '0',
  `created_at` timestamp NULL DEFAULT NULL,
  `updated_at` timestamp NULL DEFAULT NULL
) ENGINE=MyISAM DEFAULT CHARSET=utf8mb4 COLLATE=utf8mb4_unicode_ci;

--
-- Dumping data for table `chapters`
--

INSERT INTO `chapters` (`id`, `chapter_name`, `subject_id`, `status`, `created_at`, `updated_at`) VALUES
(1, 'et', 95, 1, '2018-01-29 08:30:22', '2018-01-29 08:30:22'),
(2, 'rerum', 188, 1, '2018-01-29 08:30:22', '2018-01-29 08:30:22'),
(3, 'quae', 156, 1, '2018-01-29 08:30:22', '2018-01-29 08:30:22'),
(4, 'adipisci', 10, 1, '2018-01-29 08:30:22', '2018-01-29 08:30:22'),
(5, 'praesentium', 2, 1, '2018-01-29 08:30:22', '2018-01-29 08:30:22'),
(6, 'non', 150, 1, '2018-01-29 08:30:22', '2018-01-29 08:30:22'),
(7, 'voluptas', 173, 1, '2018-01-29 08:30:22', '2018-01-29 08:30:22'),
(8, 'aut', 123, 1, '2018-01-29 08:30:22', '2018-01-29 08:30:22'),
(9, 'odio', 67, 1, '2018-01-29 08:30:22', '2018-01-29 08:30:22'),
(10, 'explicabo', 108, 1, '2018-01-29 08:30:22', '2018-01-29 08:30:22'),
(11, 'harum', 13, 1, '2018-01-29 08:30:22', '2018-01-29 08:30:22'),
(12, 'ipsa', 33, 1, '2018-01-29 08:30:22', '2018-01-29 08:30:22'),
(13, 'saepe', 175, 1, '2018-01-29 08:30:22', '2018-01-29 08:30:22'),
(14, 'voluptas', 58, 1, '2018-01-29 08:30:23', '2018-01-29 08:30:23'),
(15, 'expedita', 175, 1, '2018-01-29 08:30:23', '2018-01-29 08:30:23'),
(16, 'impedit', 78, 1, '2018-01-29 08:30:23', '2018-01-29 08:30:23'),
(17, 'est', 12, 1, '2018-01-29 08:30:23', '2018-01-29 08:30:23'),
(18, 'repudiandae', 167, 1, '2018-01-29 08:30:23', '2018-01-29 08:30:23'),
(19, 'non', 87, 1, '2018-01-29 08:30:23', '2018-01-29 08:30:23'),
(20, 'sed', 126, 1, '2018-01-29 08:30:23', '2018-01-29 08:30:23'),
(21, 'sed', 193, 1, '2018-01-29 08:30:23', '2018-01-29 08:30:23'),
(22, 'laborum', 17, 1, '2018-01-29 08:30:23', '2018-01-29 08:30:23'),
(23, 'dicta', 118, 1, '2018-01-29 08:30:23', '2018-01-29 08:30:23'),
(24, 'voluptatem', 195, 1, '2018-01-29 08:30:23', '2018-01-29 08:30:23'),
(25, 'aut', 192, 1, '2018-01-29 08:30:23', '2018-01-29 08:30:23'),
(26, 'rerum', 180, 1, '2018-01-29 08:30:23', '2018-01-29 08:30:23'),
(27, 'voluptates', 196, 1, '2018-01-29 08:30:23', '2018-01-29 08:30:23'),
(28, 'eos', 13, 1, '2018-01-29 08:30:23', '2018-01-29 08:30:23'),
(29, 'fugit', 60, 1, '2018-01-29 08:30:23', '2018-01-29 08:30:23'),
(30, 'aliquam', 9, 1, '2018-01-29 08:30:24', '2018-01-29 08:30:24'),
(31, 'suscipit', 42, 1, '2018-01-29 08:30:24', '2018-01-29 08:30:24'),
(32, 'quo', 61, 1, '2018-01-29 08:30:24', '2018-01-29 08:30:24'),
(33, 'a', 6, 1, '2018-01-29 08:30:24', '2018-01-29 08:30:24'),
(34, 'cum', 192, 1, '2018-01-29 08:30:24', '2018-01-29 08:30:24'),
(35, 'quis', 54, 1, '2018-01-29 08:30:24', '2018-01-29 08:30:24'),
(36, 'quia', 121, 1, '2018-01-29 08:30:24', '2018-01-29 08:30:24'),
(37, 'ipsa', 109, 1, '2018-01-29 08:30:24', '2018-01-29 08:30:24'),
(38, 'aliquam', 54, 1, '2018-01-29 08:30:24', '2018-01-29 08:30:24'),
(39, 'quo', 162, 1, '2018-01-29 08:30:24', '2018-01-29 08:30:24'),
(40, 'consequatur', 50, 1, '2018-01-29 08:30:24', '2018-01-29 08:30:24'),
(41, 'et', 81, 1, '2018-01-29 08:30:24', '2018-01-29 08:30:24'),
(42, 'eveniet', 175, 1, '2018-01-29 08:30:24', '2018-01-29 08:30:24'),
(43, 'sit', 152, 1, '2018-01-29 08:30:24', '2018-01-29 08:30:24'),
(44, 'consectetur', 135, 1, '2018-01-29 08:30:24', '2018-01-29 08:30:24'),
(45, 'nesciunt', 171, 1, '2018-01-29 08:30:24', '2018-01-29 08:30:24'),
(46, 'saepe', 54, 1, '2018-01-29 08:30:24', '2018-01-29 08:30:24'),
(47, 'fuga', 114, 1, '2018-01-29 08:30:25', '2018-01-29 08:30:25'),
(48, 'libero', 61, 1, '2018-01-29 08:30:25', '2018-01-29 08:30:25'),
(49, 'laborum', 172, 1, '2018-01-29 08:30:25', '2018-01-29 08:30:25'),
(50, 'ratione', 86, 1, '2018-01-29 08:30:25', '2018-01-29 08:30:25'),
(51, 'rerum', 169, 1, '2018-01-29 08:30:25', '2018-01-29 08:30:25'),
(52, 'et', 138, 1, '2018-01-29 08:30:25', '2018-01-29 08:30:25'),
(53, 'rerum', 90, 1, '2018-01-29 08:30:25', '2018-01-29 08:30:25'),
(54, 'officiis', 171, 1, '2018-01-29 08:30:25', '2018-01-29 08:30:25'),
(55, 'atque', 59, 1, '2018-01-29 08:30:25', '2018-01-29 08:30:25'),
(56, 'tenetur', 96, 1, '2018-01-29 08:30:25', '2018-01-29 08:30:25'),
(57, 'qui', 100, 1, '2018-01-29 08:30:25', '2018-01-29 08:30:25'),
(58, 'incidunt', 112, 1, '2018-01-29 08:30:25', '2018-01-29 08:30:25'),
(59, 'officia', 86, 1, '2018-01-29 08:30:25', '2018-01-29 08:30:25'),
(60, 'quam', 73, 1, '2018-01-29 08:30:25', '2018-01-29 08:30:25'),
(61, 'non', 64, 1, '2018-01-29 08:30:25', '2018-01-29 08:30:25'),
(62, 'quos', 113, 1, '2018-01-29 08:30:25', '2018-01-29 08:30:25'),
(63, 'accusamus', 35, 1, '2018-01-29 08:30:26', '2018-01-29 08:30:26'),
(64, 'praesentium', 20, 1, '2018-01-29 08:30:26', '2018-01-29 08:30:26'),
(65, 'ratione', 34, 1, '2018-01-29 08:30:26', '2018-01-29 08:30:26'),
(66, 'maiores', 131, 1, '2018-01-29 08:30:26', '2018-01-29 08:30:26'),
(67, 'beatae', 74, 1, '2018-01-29 08:30:26', '2018-01-29 08:30:26'),
(68, 'aperiam', 180, 1, '2018-01-29 08:30:26', '2018-01-29 08:30:26'),
(69, 'ea', 72, 1, '2018-01-29 08:30:26', '2018-01-29 08:30:26'),
(70, 'nobis', 85, 1, '2018-01-29 08:30:26', '2018-01-29 08:30:26'),
(71, 'omnis', 19, 1, '2018-01-29 08:30:26', '2018-01-29 08:30:26'),
(72, 'rem', 26, 1, '2018-01-29 08:30:26', '2018-01-29 08:30:26'),
(73, 'quas', 193, 1, '2018-01-29 08:30:26', '2018-01-29 08:30:26'),
(74, 'quaerat', 63, 1, '2018-01-29 08:30:26', '2018-01-29 08:30:26'),
(75, 'magnam', 145, 1, '2018-01-29 08:30:26', '2018-01-29 08:30:26'),
(76, 'quia', 145, 1, '2018-01-29 08:30:26', '2018-01-29 08:30:26'),
(77, 'nisi', 193, 1, '2018-01-29 08:30:26', '2018-01-29 08:30:26'),
(78, 'et', 141, 1, '2018-01-29 08:30:26', '2018-01-29 08:30:26'),
(79, 'autem', 186, 1, '2018-01-29 08:30:27', '2018-01-29 08:30:27'),
(80, 'aut', 72, 1, '2018-01-29 08:30:27', '2018-01-29 08:30:27'),
(81, 'consectetur', 99, 1, '2018-01-29 08:30:27', '2018-01-29 08:30:27'),
(82, 'vero', 173, 1, '2018-01-29 08:30:27', '2018-01-29 08:30:27'),
(83, 'explicabo', 197, 1, '2018-01-29 08:30:27', '2018-01-29 08:30:27'),
(84, 'illum', 83, 1, '2018-01-29 08:30:27', '2018-01-29 08:30:27'),
(85, 'provident', 45, 1, '2018-01-29 08:30:27', '2018-01-29 08:30:27'),
(86, 'corrupti', 167, 1, '2018-01-29 08:30:27', '2018-01-29 08:30:27'),
(87, 'quae', 19, 1, '2018-01-29 08:30:27', '2018-01-29 08:30:27'),
(88, 'ut', 183, 1, '2018-01-29 08:30:27', '2018-01-29 08:30:27'),
(89, 'eos', 7, 1, '2018-01-29 08:30:27', '2018-01-29 08:30:27'),
(90, 'eligendi', 90, 1, '2018-01-29 08:30:27', '2018-01-29 08:30:27'),
(91, 'quisquam', 20, 1, '2018-01-29 08:30:27', '2018-01-29 08:30:27'),
(92, 'voluptatem', 92, 1, '2018-01-29 08:30:27', '2018-01-29 08:30:27'),
(93, 'voluptas', 68, 1, '2018-01-29 08:30:28', '2018-01-29 08:30:28'),
(94, 'soluta', 172, 1, '2018-01-29 08:30:28', '2018-01-29 08:30:28'),
(95, 'dolor', 110, 1, '2018-01-29 08:30:28', '2018-01-29 08:30:28'),
(96, 'ut', 140, 1, '2018-01-29 08:30:28', '2018-01-29 08:30:28'),
(97, 'ut', 143, 1, '2018-01-29 08:30:28', '2018-01-29 08:30:28'),
(98, 'officiis', 181, 1, '2018-01-29 08:30:28', '2018-01-29 08:30:28'),
(99, 'dignissimos', 192, 1, '2018-01-29 08:30:28', '2018-01-29 08:30:28'),
(100, 'magni', 151, 1, '2018-01-29 08:30:28', '2018-01-29 08:30:28'),
(101, 'accusantium', 192, 1, '2018-01-29 08:30:28', '2018-01-29 08:30:28'),
(102, 'a', 13, 1, '2018-01-29 08:30:28', '2018-01-29 08:30:28'),
(103, 'delectus', 3, 1, '2018-01-29 08:30:28', '2018-01-29 08:30:28'),
(104, 'optio', 138, 1, '2018-01-29 08:30:28', '2018-01-29 08:30:28'),
(105, 'laudantium', 73, 1, '2018-01-29 08:30:28', '2018-01-29 08:30:28'),
(106, 'vero', 134, 1, '2018-01-29 08:30:28', '2018-01-29 08:30:28'),
(107, 'laboriosam', 167, 1, '2018-01-29 08:30:28', '2018-01-29 08:30:28'),
(108, 'qui', 113, 1, '2018-01-29 08:30:28', '2018-01-29 08:30:28'),
(109, 'dolore', 137, 1, '2018-01-29 08:30:29', '2018-01-29 08:30:29'),
(110, 'fugit', 74, 1, '2018-01-29 08:30:29', '2018-01-29 08:30:29'),
(111, 'totam', 27, 1, '2018-01-29 08:30:29', '2018-01-29 08:30:29'),
(112, 'ut', 3, 1, '2018-01-29 08:30:29', '2018-01-29 08:30:29'),
(113, 'aut', 113, 1, '2018-01-29 08:30:29', '2018-01-29 08:30:29'),
(114, 'et', 164, 1, '2018-01-29 08:30:29', '2018-01-29 08:30:29'),
(115, 'necessitatibus', 29, 1, '2018-01-29 08:30:29', '2018-01-29 08:30:29'),
(116, 'suscipit', 177, 1, '2018-01-29 08:30:29', '2018-01-29 08:30:29'),
(117, 'dignissimos', 52, 1, '2018-01-29 08:30:29', '2018-01-29 08:30:29'),
(118, 'quas', 120, 1, '2018-01-29 08:30:29', '2018-01-29 08:30:29'),
(119, 'quasi', 111, 1, '2018-01-29 08:30:29', '2018-01-29 08:30:29'),
(120, 'velit', 70, 1, '2018-01-29 08:30:29', '2018-01-29 08:30:29'),
(121, 'nesciunt', 58, 1, '2018-01-29 08:30:29', '2018-01-29 08:30:29'),
(122, 'laborum', 19, 1, '2018-01-29 08:30:29', '2018-01-29 08:30:29'),
(123, 'hic', 156, 1, '2018-01-29 08:30:29', '2018-01-29 08:30:29'),
(124, 'eaque', 133, 1, '2018-01-29 08:30:29', '2018-01-29 08:30:29'),
(125, 'occaecati', 133, 1, '2018-01-29 08:30:30', '2018-01-29 08:30:30'),
(126, 'quaerat', 143, 1, '2018-01-29 08:30:30', '2018-01-29 08:30:30'),
(127, 'est', 45, 1, '2018-01-29 08:30:30', '2018-01-29 08:30:30'),
(128, 'dolor', 24, 1, '2018-01-29 08:30:30', '2018-01-29 08:30:30'),
(129, 'molestias', 45, 1, '2018-01-29 08:30:30', '2018-01-29 08:30:30'),
(130, 'incidunt', 41, 1, '2018-01-29 08:30:30', '2018-01-29 08:30:30'),
(131, 'sapiente', 142, 1, '2018-01-29 08:30:30', '2018-01-29 08:30:30'),
(132, 'dolores', 192, 1, '2018-01-29 08:30:30', '2018-01-29 08:30:30'),
(133, 'quisquam', 20, 1, '2018-01-29 08:30:30', '2018-01-29 08:30:30'),
(134, 'eaque', 133, 1, '2018-01-29 08:30:30', '2018-01-29 08:30:30'),
(135, 'repellat', 199, 1, '2018-01-29 08:30:30', '2018-01-29 08:30:30'),
(136, 'sunt', 12, 1, '2018-01-29 08:30:30', '2018-01-29 08:30:30'),
(137, 'commodi', 107, 1, '2018-01-29 08:30:30', '2018-01-29 08:30:30'),
(138, 'sint', 148, 1, '2018-01-29 08:30:31', '2018-01-29 08:30:31'),
(139, 'ut', 20, 1, '2018-01-29 08:30:31', '2018-01-29 08:30:31'),
(140, 'quia', 16, 1, '2018-01-29 08:30:31', '2018-01-29 08:30:31'),
(141, 'id', 163, 1, '2018-01-29 08:30:31', '2018-01-29 08:30:31'),
(142, 'ducimus', 23, 1, '2018-01-29 08:30:31', '2018-01-29 08:30:31'),
(143, 'aut', 177, 1, '2018-01-29 08:30:31', '2018-01-29 08:30:31'),
(144, 'ipsum', 46, 1, '2018-01-29 08:30:31', '2018-01-29 08:30:31'),
(145, 'excepturi', 134, 1, '2018-01-29 08:30:31', '2018-01-29 08:30:31'),
(146, 'earum', 142, 1, '2018-01-29 08:30:31', '2018-01-29 08:30:31'),
(147, 'veritatis', 32, 1, '2018-01-29 08:30:31', '2018-01-29 08:30:31'),
(148, 'et', 135, 1, '2018-01-29 08:30:31', '2018-01-29 08:30:31'),
(149, 'adipisci', 1, 1, '2018-01-29 08:30:31', '2018-01-29 08:30:31'),
(150, 'minus', 22, 1, '2018-01-29 08:30:31', '2018-01-29 08:30:31'),
(151, 'dolorem', 100, 1, '2018-01-29 08:30:31', '2018-01-29 08:30:31'),
(152, 'quas', 65, 1, '2018-01-29 08:30:31', '2018-01-29 08:30:31'),
(153, 'similique', 30, 1, '2018-01-29 08:30:31', '2018-01-29 08:30:31'),
(154, 'fugiat', 49, 1, '2018-01-29 08:30:31', '2018-01-29 08:30:31'),
(155, 'placeat', 19, 1, '2018-01-29 08:30:32', '2018-01-29 08:30:32'),
(156, 'velit', 185, 1, '2018-01-29 08:30:32', '2018-01-29 08:30:32'),
(157, 'explicabo', 121, 1, '2018-01-29 08:30:32', '2018-01-29 08:30:32'),
(158, 'fugiat', 19, 1, '2018-01-29 08:30:32', '2018-01-29 08:30:32'),
(159, 'magnam', 141, 1, '2018-01-29 08:30:32', '2018-01-29 08:30:32'),
(160, 'tempore', 66, 1, '2018-01-29 08:30:32', '2018-01-29 08:30:32'),
(161, 'quas', 154, 1, '2018-01-29 08:30:32', '2018-01-29 08:30:32'),
(162, 'tempora', 15, 1, '2018-01-29 08:30:32', '2018-01-29 08:30:32'),
(163, 'et', 93, 1, '2018-01-29 08:30:32', '2018-01-29 08:30:32'),
(164, 'et', 98, 1, '2018-01-29 08:30:32', '2018-01-29 08:30:32'),
(165, 'nobis', 73, 1, '2018-01-29 08:30:32', '2018-01-29 08:30:32'),
(166, 'consequatur', 167, 1, '2018-01-29 08:30:32', '2018-01-29 08:30:32'),
(167, 'similique', 7, 1, '2018-01-29 08:30:32', '2018-01-29 08:30:32'),
(168, 'similique', 36, 1, '2018-01-29 08:30:32', '2018-01-29 08:30:32'),
(169, 'velit', 182, 1, '2018-01-29 08:30:32', '2018-01-29 08:30:32'),
(170, 'eius', 12, 1, '2018-01-29 08:30:32', '2018-01-29 08:30:32'),
(171, 'accusantium', 128, 1, '2018-01-29 08:30:33', '2018-01-29 08:30:33'),
(172, 'impedit', 130, 1, '2018-01-29 08:30:33', '2018-01-29 08:30:33'),
(173, 'voluptatem', 6, 1, '2018-01-29 08:30:33', '2018-01-29 08:30:33'),
(174, 'quas', 140, 1, '2018-01-29 08:30:33', '2018-01-29 08:30:33'),
(175, 'impedit', 15, 1, '2018-01-29 08:30:33', '2018-01-29 08:30:33'),
(176, 'consequatur', 151, 1, '2018-01-29 08:30:33', '2018-01-29 08:30:33'),
(177, 'omnis', 164, 1, '2018-01-29 08:30:33', '2018-01-29 08:30:33'),
(178, 'reiciendis', 76, 1, '2018-01-29 08:30:33', '2018-01-29 08:30:33'),
(179, 'quod', 44, 1, '2018-01-29 08:30:33', '2018-01-29 08:30:33'),
(180, 'at', 28, 1, '2018-01-29 08:30:33', '2018-01-29 08:30:33'),
(181, 'optio', 132, 1, '2018-01-29 08:30:33', '2018-01-29 08:30:33'),
(182, 'quibusdam', 148, 1, '2018-01-29 08:30:33', '2018-01-29 08:30:33'),
(183, 'quia', 140, 1, '2018-01-29 08:30:33', '2018-01-29 08:30:33'),
(184, 'modi', 67, 1, '2018-01-29 08:30:33', '2018-01-29 08:30:33'),
(185, 'cumque', 115, 1, '2018-01-29 08:30:33', '2018-01-29 08:30:33'),
(186, 'incidunt', 128, 1, '2018-01-29 08:30:33', '2018-01-29 08:30:33'),
(187, 'eos', 178, 1, '2018-01-29 08:30:34', '2018-01-29 08:30:34'),
(188, 'et', 165, 1, '2018-01-29 08:30:34', '2018-01-29 08:30:34'),
(189, 'quod', 111, 1, '2018-01-29 08:30:34', '2018-01-29 08:30:34'),
(190, 'iste', 108, 1, '2018-01-29 08:30:34', '2018-01-29 08:30:34'),
(191, 'architecto', 187, 1, '2018-01-29 08:30:34', '2018-01-29 08:30:34'),
(192, 'natus', 115, 1, '2018-01-29 08:30:34', '2018-01-29 08:30:34'),
(193, 'repellat', 12, 1, '2018-01-29 08:30:34', '2018-01-29 08:30:34'),
(194, 'delectus', 109, 1, '2018-01-29 08:30:34', '2018-01-29 08:30:34'),
(195, 'voluptatem', 182, 1, '2018-01-29 08:30:34', '2018-01-29 08:30:34'),
(196, 'omnis', 121, 1, '2018-01-29 08:30:34', '2018-01-29 08:30:34'),
(197, 'et', 70, 1, '2018-01-29 08:30:34', '2018-01-29 08:30:34'),
(198, 'odio', 170, 1, '2018-01-29 08:30:34', '2018-01-29 08:30:34'),
(199, 'nisi', 161, 1, '2018-01-29 08:30:34', '2018-01-29 08:30:34'),
(200, 'adipisci', 171, 1, '2018-01-29 08:30:34', '2018-01-29 08:30:34');

-- --------------------------------------------------------

--
-- Table structure for table `logindetails`
--

CREATE TABLE `logindetails` (
  `id` int(10) UNSIGNED NOT NULL,
  `user_id` int(11) NOT NULL,
  `visitor` varchar(45) COLLATE utf8mb4_unicode_ci NOT NULL,
  `device` varchar(17) COLLATE utf8mb4_unicode_ci NOT NULL,
  `created_at` timestamp NULL DEFAULT NULL,
  `updated_at` timestamp NULL DEFAULT NULL
) ENGINE=MyISAM DEFAULT CHARSET=utf8mb4 COLLATE=utf8mb4_unicode_ci;

-- --------------------------------------------------------

--
-- Table structure for table `migrations`
--

CREATE TABLE `migrations` (
  `id` int(10) UNSIGNED NOT NULL,
  `migration` varchar(191) COLLATE utf8mb4_unicode_ci NOT NULL,
  `batch` int(11) NOT NULL
) ENGINE=MyISAM DEFAULT CHARSET=utf8mb4 COLLATE=utf8mb4_unicode_ci;

--
-- Dumping data for table `migrations`
--

INSERT INTO `migrations` (`id`, `migration`, `batch`) VALUES
(1, '2014_10_12_000000_create_users_table', 1),
(2, '2014_10_12_100000_create_password_resets_table', 1),
(3, '2017_12_10_140723_create_packages_table', 1),
(4, '2017_12_10_140750_create_chapters_table', 1),
(5, '2017_12_10_140810_create_subjects_table', 1),
(6, '2017_12_10_180513_create_paid_tests_table', 1),
(7, '2017_12_11_070019_create_profiles_table', 1),
(8, '2017_12_11_071634_create_logindetails_table', 1),
(9, '2018_01_19_061324_create_answers_table', 1),
(10, '2018_01_19_061743_create_questions_table', 1),
(11, '2018_01_19_111655_create_test_types_table', 1),
(12, '2018_01_19_112807_create_tests_table', 1),
(13, '2018_01_20_130739_create_test_questions_table', 1),
(14, '2018_01_20_130827_create_test_for_tests_table', 1),
(15, '2018_01_20_132620_create_q_videos_table', 1),
(16, '2018_01_26_021355_create_user_given_answers_table', 1);

-- --------------------------------------------------------

--
-- Table structure for table `packages`
--

CREATE TABLE `packages` (
  `id` int(10) UNSIGNED NOT NULL,
  `package_name` varchar(191) COLLATE utf8mb4_unicode_ci NOT NULL,
  `pkg_img` varchar(191) COLLATE utf8mb4_unicode_ci NOT NULL,
  `duration` varchar(191) COLLATE utf8mb4_unicode_ci NOT NULL,
  `price` varchar(191) COLLATE utf8mb4_unicode_ci NOT NULL,
  `pkg_desc` longtext COLLATE utf8mb4_unicode_ci NOT NULL,
  `status` tinyint(1) NOT NULL,
  `created_at` timestamp NULL DEFAULT NULL,
  `updated_at` timestamp NULL DEFAULT NULL
) ENGINE=MyISAM DEFAULT CHARSET=utf8mb4 COLLATE=utf8mb4_unicode_ci;

-- --------------------------------------------------------

--
-- Table structure for table `paid_tests`
--

CREATE TABLE `paid_tests` (
  `id` int(10) UNSIGNED NOT NULL,
  `package_id` int(11) NOT NULL,
  `test_id` int(11) NOT NULL,
  `created_at` timestamp NULL DEFAULT NULL,
  `updated_at` timestamp NULL DEFAULT NULL
) ENGINE=MyISAM DEFAULT CHARSET=utf8mb4 COLLATE=utf8mb4_unicode_ci;

-- --------------------------------------------------------

--
-- Table structure for table `password_resets`
--

CREATE TABLE `password_resets` (
  `email` varchar(191) COLLATE utf8mb4_unicode_ci NOT NULL,
  `token` varchar(191) COLLATE utf8mb4_unicode_ci NOT NULL,
  `created_at` timestamp NULL DEFAULT NULL
) ENGINE=MyISAM DEFAULT CHARSET=utf8mb4 COLLATE=utf8mb4_unicode_ci;

-- --------------------------------------------------------

--
-- Table structure for table `profiles`
--

CREATE TABLE `profiles` (
  `id` int(10) UNSIGNED NOT NULL,
  `user_id` int(11) NOT NULL,
  `profile_pic` varchar(191) COLLATE utf8mb4_unicode_ci NOT NULL,
  `mobile` int(11) NOT NULL,
  `city` varchar(191) COLLATE utf8mb4_unicode_ci NOT NULL,
  `state` varchar(191) COLLATE utf8mb4_unicode_ci NOT NULL,
  `created_at` timestamp NULL DEFAULT NULL,
  `updated_at` timestamp NULL DEFAULT NULL
) ENGINE=MyISAM DEFAULT CHARSET=utf8mb4 COLLATE=utf8mb4_unicode_ci;

-- --------------------------------------------------------

--
-- Table structure for table `questions`
--

CREATE TABLE `questions` (
  `id` int(10) UNSIGNED NOT NULL,
  `subject_id` int(11) NOT NULL,
  `chapter_id` int(11) NOT NULL,
  `question` text COLLATE utf8mb4_unicode_ci NOT NULL,
  `question_img` varchar(191) COLLATE utf8mb4_unicode_ci DEFAULT NULL,
  `correct_ans` int(11) NOT NULL,
  `status` tinyint(1) DEFAULT '0',
  `free_mcq` tinyint(1) DEFAULT '0',
  `created_at` timestamp NULL DEFAULT NULL,
  `updated_at` timestamp NULL DEFAULT NULL
) ENGINE=MyISAM DEFAULT CHARSET=utf8mb4 COLLATE=utf8mb4_unicode_ci;

--
-- Dumping data for table `questions`
--

INSERT INTO `questions` (`id`, `subject_id`, `chapter_id`, `question`, `question_img`, `correct_ans`, `status`, `free_mcq`, `created_at`, `updated_at`) VALUES
(1, 8, 185, 'Dolores quia et fugit ullam.', NULL, 2, 1, 0, '2018-01-29 08:30:35', '2018-01-29 08:30:35'),
(2, 164, 112, 'Amet est dolor provident aperiam minus ea eligendi.', NULL, 1, 1, 1, '2018-01-29 08:30:35', '2018-01-29 08:30:35'),
(3, 147, 133, 'Ullam harum totam totam dicta odio ratione rerum.', NULL, 2, 1, 0, '2018-01-29 08:30:35', '2018-01-29 08:30:35'),
(4, 26, 68, 'Rerum numquam nihil reiciendis repudiandae consequatur.', NULL, 2, 1, 1, '2018-01-29 08:30:35', '2018-01-29 08:30:35'),
(5, 55, 39, 'Sed debitis id ipsam assumenda id.', NULL, 1, 1, 0, '2018-01-29 08:30:35', '2018-01-29 08:30:35'),
(6, 87, 33, 'Harum sunt occaecati reprehenderit.', NULL, 1, 1, 0, '2018-01-29 08:30:35', '2018-01-29 08:30:35'),
(7, 43, 76, 'Sint sapiente voluptatum odit vel.', NULL, 1, 1, 1, '2018-01-29 08:30:35', '2018-01-29 08:30:35'),
(8, 82, 80, 'Occaecati sint maiores iste a officia maiores.', NULL, 1, 1, 0, '2018-01-29 08:30:35', '2018-01-29 08:30:35'),
(9, 174, 198, 'Aperiam recusandae dolorem et vitae.', NULL, 4, 1, 1, '2018-01-29 08:30:35', '2018-01-29 08:30:35'),
(10, 80, 107, 'Voluptas officia autem veniam cupiditate dignissimos id.', NULL, 1, 1, 1, '2018-01-29 08:30:35', '2018-01-29 08:30:35'),
(11, 29, 183, 'Reiciendis voluptate quidem sit qui asperiores quia a.', NULL, 2, 1, 0, '2018-01-29 08:30:35', '2018-01-29 08:30:35'),
(12, 115, 71, 'Nulla corporis sequi enim deserunt necessitatibus et rerum.', NULL, 3, 1, 0, '2018-01-29 08:30:35', '2018-01-29 08:30:35'),
(13, 175, 95, 'Dolores in ipsa nihil aliquid.', NULL, 1, 1, 1, '2018-01-29 08:30:35', '2018-01-29 08:30:35'),
(14, 182, 96, 'Amet est velit ut sit qui commodi.', NULL, 4, 1, 1, '2018-01-29 08:30:35', '2018-01-29 08:30:35'),
(15, 52, 193, 'Alias saepe ut possimus et mollitia placeat quis.', NULL, 1, 1, 0, '2018-01-29 08:30:35', '2018-01-29 08:30:35'),
(16, 191, 143, 'Qui velit quia quis non quia non voluptas.', NULL, 2, 1, 0, '2018-01-29 08:30:35', '2018-01-29 08:30:35'),
(17, 116, 178, 'Quas nisi molestiae mollitia sed maiores aspernatur et.', NULL, 1, 1, 1, '2018-01-29 08:30:36', '2018-01-29 08:30:36'),
(18, 195, 174, 'Corrupti velit nobis autem dolores commodi iste.', NULL, 1, 1, 1, '2018-01-29 08:30:36', '2018-01-29 08:30:36'),
(19, 186, 89, 'Aut placeat neque numquam deleniti.', NULL, 1, 1, 1, '2018-01-29 08:30:36', '2018-01-29 08:30:36'),
(20, 47, 149, 'Iste voluptates perferendis sit placeat optio quidem.', NULL, 2, 1, 1, '2018-01-29 08:30:36', '2018-01-29 08:30:36'),
(21, 54, 60, 'Ut quo ex dolorum.', NULL, 2, 1, 1, '2018-01-29 08:30:36', '2018-01-29 08:30:36'),
(22, 109, 80, 'Ut numquam esse placeat dolorem cum voluptas sit porro.', NULL, 3, 1, 1, '2018-01-29 08:30:36', '2018-01-29 08:30:36'),
(23, 118, 72, 'Nam non consequatur labore molestias omnis dolor.', NULL, 4, 1, 1, '2018-01-29 08:30:36', '2018-01-29 08:30:36'),
(24, 176, 78, 'Recusandae velit explicabo qui nesciunt et nobis commodi dolor.', NULL, 4, 1, 0, '2018-01-29 08:30:36', '2018-01-29 08:30:36'),
(25, 84, 94, 'Repellendus consequuntur sunt assumenda neque et suscipit quo necessitatibus.', NULL, 4, 1, 0, '2018-01-29 08:30:36', '2018-01-29 08:30:36'),
(26, 153, 148, 'Accusamus commodi corrupti sed consequuntur autem.', NULL, 4, 1, 0, '2018-01-29 08:30:36', '2018-01-29 08:30:36'),
(27, 45, 98, 'Dolor molestiae molestiae dolorem est numquam est rem.', NULL, 3, 1, 1, '2018-01-29 08:30:36', '2018-01-29 08:30:36'),
(28, 47, 137, 'Cupiditate aut qui dolores aut mollitia occaecati ad.', NULL, 3, 1, 1, '2018-01-29 08:30:36', '2018-01-29 08:30:36'),
(29, 60, 106, 'Aut architecto officiis minima aut in itaque.', NULL, 2, 1, 1, '2018-01-29 08:30:36', '2018-01-29 08:30:36'),
(30, 85, 190, 'Perferendis voluptate necessitatibus officia.', NULL, 4, 1, 1, '2018-01-29 08:30:36', '2018-01-29 08:30:36'),
(31, 189, 185, 'Nesciunt temporibus adipisci eius in voluptas tempore.', NULL, 4, 1, 1, '2018-01-29 08:30:36', '2018-01-29 08:30:36'),
(32, 124, 82, 'Accusamus in ut et impedit.', NULL, 1, 1, 1, '2018-01-29 08:30:36', '2018-01-29 08:30:36'),
(33, 89, 45, 'Neque sit aut exercitationem sit quaerat veritatis sed.', NULL, 2, 1, 1, '2018-01-29 08:30:37', '2018-01-29 08:30:37'),
(34, 18, 24, 'Nulla aut beatae praesentium doloremque non.', NULL, 2, 1, 1, '2018-01-29 08:30:37', '2018-01-29 08:30:37'),
(35, 94, 58, 'Corrupti illo fugit dolorum facilis explicabo.', NULL, 4, 1, 0, '2018-01-29 08:30:37', '2018-01-29 08:30:37'),
(36, 195, 1, 'Perferendis dolore atque eius sit unde.', NULL, 1, 1, 1, '2018-01-29 08:30:37', '2018-01-29 08:30:37'),
(37, 154, 185, 'Et est ut laborum repellendus.', NULL, 1, 1, 0, '2018-01-29 08:30:37', '2018-01-29 08:30:37'),
(38, 83, 44, 'Commodi ratione excepturi consequatur nemo praesentium est.', NULL, 2, 1, 0, '2018-01-29 08:30:37', '2018-01-29 08:30:37'),
(39, 144, 103, 'Officiis et occaecati sit vel.', NULL, 3, 1, 1, '2018-01-29 08:30:37', '2018-01-29 08:30:37'),
(40, 8, 183, 'Nemo vero nobis officiis quae occaecati.', NULL, 2, 1, 0, '2018-01-29 08:30:37', '2018-01-29 08:30:37'),
(41, 78, 135, 'Ea accusantium reprehenderit perferendis debitis tempore esse et.', NULL, 4, 1, 0, '2018-01-29 08:30:37', '2018-01-29 08:30:37'),
(42, 10, 14, 'Harum sapiente ut vel unde quas et assumenda.', NULL, 2, 1, 0, '2018-01-29 08:30:38', '2018-01-29 08:30:38'),
(43, 88, 139, 'Eius assumenda quia omnis qui id.', NULL, 4, 1, 1, '2018-01-29 08:30:38', '2018-01-29 08:30:38'),
(44, 91, 157, 'Quia vel eos facere quisquam.', NULL, 3, 1, 0, '2018-01-29 08:30:38', '2018-01-29 08:30:38'),
(45, 173, 1, 'Debitis voluptatem cupiditate et nam vel et.', NULL, 2, 1, 1, '2018-01-29 08:30:38', '2018-01-29 08:30:38'),
(46, 200, 136, 'Aut nulla eum natus numquam voluptatem.', NULL, 4, 1, 1, '2018-01-29 08:30:38', '2018-01-29 08:30:38'),
(47, 110, 23, 'Sit cumque ea aperiam sed illum dolor minima.', NULL, 2, 1, 0, '2018-01-29 08:30:39', '2018-01-29 08:30:39'),
(48, 42, 102, 'Qui et modi assumenda impedit tenetur.', NULL, 3, 1, 0, '2018-01-29 08:30:39', '2018-01-29 08:30:39'),
(49, 107, 30, 'Laborum vero velit enim officiis.', NULL, 1, 1, 0, '2018-01-29 08:30:39', '2018-01-29 08:30:39'),
(50, 150, 165, 'Alias est modi nulla magnam ducimus quia quae.', NULL, 3, 1, 0, '2018-01-29 08:30:39', '2018-01-29 08:30:39'),
(51, 44, 115, 'Mollitia earum consequatur ab repudiandae ut voluptatem.', NULL, 2, 1, 0, '2018-01-29 08:30:39', '2018-01-29 08:30:39'),
(52, 112, 112, 'Maxime ratione tempore omnis occaecati voluptas et.', NULL, 3, 1, 0, '2018-01-29 08:30:39', '2018-01-29 08:30:39'),
(53, 109, 110, 'Voluptatum asperiores magnam ex voluptas fugit est eum.', NULL, 1, 1, 1, '2018-01-29 08:30:39', '2018-01-29 08:30:39'),
(54, 168, 149, 'Aut molestias eligendi tempore atque corrupti at beatae.', NULL, 2, 1, 1, '2018-01-29 08:30:39', '2018-01-29 08:30:39'),
(55, 11, 162, 'Consequatur sapiente iure optio.', NULL, 4, 1, 1, '2018-01-29 08:30:39', '2018-01-29 08:30:39'),
(56, 102, 97, 'Facilis repellat possimus et illum doloremque adipisci ea.', NULL, 1, 1, 0, '2018-01-29 08:30:39', '2018-01-29 08:30:39'),
(57, 64, 14, 'Dignissimos laudantium fugit ex cumque ducimus voluptatibus esse.', NULL, 2, 1, 0, '2018-01-29 08:30:39', '2018-01-29 08:30:39'),
(58, 136, 119, 'At corporis rerum quo eum tempora.', NULL, 3, 1, 0, '2018-01-29 08:30:39', '2018-01-29 08:30:39'),
(59, 115, 40, 'Esse consequatur corporis et sit et amet.', NULL, 4, 1, 1, '2018-01-29 08:30:39', '2018-01-29 08:30:39'),
(60, 131, 10, 'Adipisci animi veniam aliquid voluptatem.', NULL, 2, 1, 0, '2018-01-29 08:30:39', '2018-01-29 08:30:39'),
(61, 58, 41, 'Et at aspernatur consequatur dolor ipsum pariatur.', NULL, 4, 1, 1, '2018-01-29 08:30:39', '2018-01-29 08:30:39'),
(62, 173, 172, 'Quia et odio ut autem culpa aperiam ut.', NULL, 1, 1, 1, '2018-01-29 08:30:39', '2018-01-29 08:30:39'),
(63, 38, 91, 'Velit maxime rerum fuga non.', NULL, 3, 1, 1, '2018-01-29 08:30:40', '2018-01-29 08:30:40'),
(64, 105, 124, 'Commodi sit ea vitae consectetur omnis.', NULL, 1, 1, 0, '2018-01-29 08:30:40', '2018-01-29 08:30:40'),
(65, 95, 162, 'Porro consequatur assumenda doloremque ut.', NULL, 4, 1, 0, '2018-01-29 08:30:40', '2018-01-29 08:30:40'),
(66, 118, 115, 'Quos est ut voluptas officia.', NULL, 3, 1, 0, '2018-01-29 08:30:40', '2018-01-29 08:30:40'),
(67, 85, 147, 'Ut dolor qui dolorem a.', NULL, 3, 1, 0, '2018-01-29 08:30:40', '2018-01-29 08:30:40'),
(68, 184, 77, 'Necessitatibus ullam provident non velit enim aut.', NULL, 1, 1, 0, '2018-01-29 08:30:40', '2018-01-29 08:30:40'),
(69, 84, 101, 'Est consequuntur voluptatum repudiandae eveniet asperiores cupiditate libero.', NULL, 1, 1, 0, '2018-01-29 08:30:40', '2018-01-29 08:30:40'),
(70, 82, 145, 'Praesentium ut earum omnis iure consequatur quia qui.', NULL, 1, 1, 1, '2018-01-29 08:30:40', '2018-01-29 08:30:40'),
(71, 114, 124, 'Aut qui voluptatem dolore nostrum.', NULL, 3, 1, 0, '2018-01-29 08:30:40', '2018-01-29 08:30:40'),
(72, 19, 68, 'Beatae unde assumenda facere ex doloremque facilis eaque consectetur.', NULL, 2, 1, 0, '2018-01-29 08:30:40', '2018-01-29 08:30:40'),
(73, 59, 109, 'Iste sit consequuntur quis quasi.', NULL, 1, 1, 1, '2018-01-29 08:30:40', '2018-01-29 08:30:40'),
(74, 47, 128, 'Accusantium ut vel explicabo reprehenderit nesciunt nisi vel.', NULL, 3, 1, 0, '2018-01-29 08:30:41', '2018-01-29 08:30:41'),
(75, 96, 86, 'Nisi velit voluptas ea odio libero qui aut.', NULL, 3, 1, 0, '2018-01-29 08:30:41', '2018-01-29 08:30:41'),
(76, 94, 73, 'Recusandae voluptatem aut iste qui est alias repellat.', NULL, 1, 1, 1, '2018-01-29 08:30:41', '2018-01-29 08:30:41'),
(77, 99, 12, 'Dolorum quisquam rerum quae debitis sunt.', NULL, 3, 1, 0, '2018-01-29 08:30:41', '2018-01-29 08:30:41'),
(78, 82, 192, 'Qui qui beatae pariatur ex minus qui.', NULL, 3, 1, 0, '2018-01-29 08:30:41', '2018-01-29 08:30:41'),
(79, 146, 92, 'Reprehenderit quibusdam qui repellendus fuga enim.', NULL, 4, 1, 1, '2018-01-29 08:30:41', '2018-01-29 08:30:41'),
(80, 83, 70, 'Fugit dolor accusamus consequatur odio consectetur.', NULL, 3, 1, 0, '2018-01-29 08:30:41', '2018-01-29 08:30:41'),
(81, 136, 112, 'Quidem architecto ex qui ipsa aliquid.', NULL, 3, 1, 1, '2018-01-29 08:30:41', '2018-01-29 08:30:41'),
(82, 153, 9, 'Eligendi ea maxime voluptatem fuga quas odit.', NULL, 3, 1, 0, '2018-01-29 08:30:41', '2018-01-29 08:30:41'),
(83, 31, 21, 'Et a illo dolor voluptatem omnis non.', NULL, 4, 1, 0, '2018-01-29 08:30:41', '2018-01-29 08:30:41'),
(84, 161, 151, 'Iusto qui voluptatem sunt libero autem dolorum a ut.', NULL, 4, 1, 1, '2018-01-29 08:30:41', '2018-01-29 08:30:41'),
(85, 136, 155, 'Molestias deserunt voluptas ipsa reiciendis est.', NULL, 1, 1, 0, '2018-01-29 08:30:41', '2018-01-29 08:30:41'),
(86, 57, 200, 'Eum nam eos alias rerum est quo.', NULL, 2, 1, 0, '2018-01-29 08:30:41', '2018-01-29 08:30:41'),
(87, 15, 10, 'Vel dolor rem est architecto qui repellat voluptas voluptas.', NULL, 4, 1, 0, '2018-01-29 08:30:41', '2018-01-29 08:30:41'),
(88, 64, 149, 'Deserunt labore aut dolorem illum voluptas.', NULL, 2, 1, 1, '2018-01-29 08:30:41', '2018-01-29 08:30:41'),
(89, 45, 57, 'Perferendis necessitatibus cupiditate corporis harum nulla.', NULL, 4, 1, 1, '2018-01-29 08:30:41', '2018-01-29 08:30:41'),
(90, 4, 37, 'Eos aut similique vel et voluptate et rerum officia.', NULL, 4, 1, 1, '2018-01-29 08:30:42', '2018-01-29 08:30:42'),
(91, 70, 135, 'Maxime porro quasi dicta veniam accusamus reprehenderit.', NULL, 1, 1, 0, '2018-01-29 08:30:42', '2018-01-29 08:30:42'),
(92, 119, 104, 'Optio repellendus ea velit enim harum corporis.', NULL, 4, 1, 1, '2018-01-29 08:30:42', '2018-01-29 08:30:42'),
(93, 145, 116, 'In aut maxime illo tempore consequatur amet soluta.', NULL, 1, 1, 0, '2018-01-29 08:30:42', '2018-01-29 08:30:42'),
(94, 169, 157, 'Quo modi illum doloremque id totam nobis voluptatum adipisci.', NULL, 3, 1, 0, '2018-01-29 08:30:42', '2018-01-29 08:30:42'),
(95, 59, 92, 'Consequatur et porro est voluptas perspiciatis occaecati itaque.', NULL, 3, 1, 0, '2018-01-29 08:30:42', '2018-01-29 08:30:42'),
(96, 121, 71, 'Ipsa ex minus rerum repudiandae incidunt nobis incidunt.', NULL, 3, 1, 1, '2018-01-29 08:30:42', '2018-01-29 08:30:42'),
(97, 51, 146, 'Consequatur unde nihil aut in.', NULL, 3, 1, 0, '2018-01-29 08:30:42', '2018-01-29 08:30:42'),
(98, 141, 160, 'Praesentium dolores repellat nostrum.', NULL, 4, 1, 0, '2018-01-29 08:30:42', '2018-01-29 08:30:42'),
(99, 76, 19, 'Sequi sed voluptatem est sint sit necessitatibus praesentium.', NULL, 2, 1, 0, '2018-01-29 08:30:42', '2018-01-29 08:30:42'),
(100, 108, 101, 'Ad ut eveniet non voluptatem soluta perferendis omnis.', NULL, 4, 1, 0, '2018-01-29 08:30:42', '2018-01-29 08:30:42'),
(101, 142, 27, 'Omnis cupiditate sit in et sed ut dolore ipsam.', NULL, 1, 1, 0, '2018-01-29 08:30:42', '2018-01-29 08:30:42'),
(102, 115, 80, 'Dignissimos vitae architecto sapiente dicta.', NULL, 3, 1, 1, '2018-01-29 08:30:42', '2018-01-29 08:30:42'),
(103, 32, 1, 'Accusamus dolores delectus corporis atque.', NULL, 4, 1, 0, '2018-01-29 08:30:42', '2018-01-29 08:30:42'),
(104, 35, 40, 'Debitis ut et sed voluptas illo velit libero.', NULL, 4, 1, 1, '2018-01-29 08:30:42', '2018-01-29 08:30:42'),
(105, 119, 42, 'Ut quod sed sed voluptas.', NULL, 1, 1, 1, '2018-01-29 08:30:42', '2018-01-29 08:30:42'),
(106, 105, 115, 'Et repellendus et autem non impedit velit et.', NULL, 3, 1, 1, '2018-01-29 08:30:43', '2018-01-29 08:30:43'),
(107, 112, 199, 'Veniam quos enim voluptate nobis velit eum rerum dolorem.', NULL, 4, 1, 1, '2018-01-29 08:30:43', '2018-01-29 08:30:43'),
(108, 148, 17, 'Commodi maiores maiores delectus.', NULL, 1, 1, 1, '2018-01-29 08:30:43', '2018-01-29 08:30:43'),
(109, 192, 125, 'Nulla tempora sint quia iure debitis est at.', NULL, 3, 1, 1, '2018-01-29 08:30:43', '2018-01-29 08:30:43'),
(110, 102, 33, 'Hic ut ea dolor omnis amet eveniet.', NULL, 4, 1, 0, '2018-01-29 08:30:43', '2018-01-29 08:30:43'),
(111, 155, 50, 'Doloremque mollitia voluptatum unde assumenda praesentium.', NULL, 2, 1, 1, '2018-01-29 08:30:43', '2018-01-29 08:30:43'),
(112, 13, 126, 'Vero beatae ea vero et similique saepe.', NULL, 3, 1, 0, '2018-01-29 08:30:43', '2018-01-29 08:30:43'),
(113, 196, 39, 'Occaecati deleniti quas recusandae id.', NULL, 4, 1, 0, '2018-01-29 08:30:43', '2018-01-29 08:30:43'),
(114, 112, 43, 'Excepturi dolor et alias aut delectus dolore non ex.', NULL, 4, 1, 0, '2018-01-29 08:30:43', '2018-01-29 08:30:43'),
(115, 67, 53, 'Consequuntur et ipsa exercitationem qui est.', NULL, 1, 1, 0, '2018-01-29 08:30:43', '2018-01-29 08:30:43'),
(116, 193, 23, 'Dolorem delectus qui consequatur laudantium minima officiis porro.', NULL, 4, 1, 1, '2018-01-29 08:30:43', '2018-01-29 08:30:43'),
(117, 150, 154, 'Sint minus veritatis ipsa vel exercitationem.', NULL, 1, 1, 0, '2018-01-29 08:30:43', '2018-01-29 08:30:43'),
(118, 61, 84, 'Ullam eos error consequatur pariatur aut consequatur.', NULL, 2, 1, 0, '2018-01-29 08:30:43', '2018-01-29 08:30:43'),
(119, 57, 187, 'Necessitatibus nobis voluptate qui porro.', NULL, 2, 1, 1, '2018-01-29 08:30:43', '2018-01-29 08:30:43'),
(120, 72, 184, 'Nulla quis sint voluptate nisi incidunt id ut.', NULL, 4, 1, 0, '2018-01-29 08:30:43', '2018-01-29 08:30:43'),
(121, 71, 54, 'Corporis unde ipsum repudiandae ab in ut quis commodi.', NULL, 2, 1, 1, '2018-01-29 08:30:43', '2018-01-29 08:30:43'),
(122, 21, 105, 'Ut accusamus adipisci similique reprehenderit rem.', NULL, 4, 1, 0, '2018-01-29 08:30:44', '2018-01-29 08:30:44'),
(123, 121, 121, 'Quo et dolor sit non vel ut.', NULL, 2, 1, 0, '2018-01-29 08:30:44', '2018-01-29 08:30:44'),
(124, 151, 191, 'Rerum id ipsam vel laboriosam perspiciatis odit illo.', NULL, 2, 1, 0, '2018-01-29 08:30:44', '2018-01-29 08:30:44'),
(125, 78, 118, 'Adipisci magnam libero eveniet culpa aut quo.', NULL, 4, 1, 0, '2018-01-29 08:30:44', '2018-01-29 08:30:44'),
(126, 177, 198, 'Autem a rerum maxime fuga eligendi enim molestias atque.', NULL, 4, 1, 0, '2018-01-29 08:30:44', '2018-01-29 08:30:44'),
(127, 7, 75, 'Doloribus praesentium neque iure repellat tempora provident.', NULL, 3, 1, 1, '2018-01-29 08:30:44', '2018-01-29 08:30:44'),
(128, 92, 92, 'Similique quasi porro eos accusantium ut.', NULL, 4, 1, 0, '2018-01-29 08:30:44', '2018-01-29 08:30:44'),
(129, 46, 11, 'Sed qui et distinctio error.', NULL, 3, 1, 1, '2018-01-29 08:30:44', '2018-01-29 08:30:44'),
(130, 50, 124, 'Sed fuga maxime est doloremque iure et.', NULL, 4, 1, 0, '2018-01-29 08:30:44', '2018-01-29 08:30:44'),
(131, 178, 192, 'Quod sint et sint eius dolore.', NULL, 4, 1, 0, '2018-01-29 08:30:44', '2018-01-29 08:30:44'),
(132, 20, 166, 'Enim repudiandae deserunt sit harum dolorem ea.', NULL, 3, 1, 1, '2018-01-29 08:30:44', '2018-01-29 08:30:44'),
(133, 161, 173, 'Officiis dolorem non officiis corporis adipisci consequatur necessitatibus.', NULL, 4, 1, 1, '2018-01-29 08:30:44', '2018-01-29 08:30:44'),
(134, 190, 15, 'Beatae omnis et sed dolorem numquam.', NULL, 4, 1, 0, '2018-01-29 08:30:44', '2018-01-29 08:30:44'),
(135, 122, 158, 'Quo qui quia ipsum amet ex rerum.', NULL, 1, 1, 0, '2018-01-29 08:30:44', '2018-01-29 08:30:44'),
(136, 85, 8, 'Fuga a harum eligendi autem accusantium modi enim.', NULL, 1, 1, 1, '2018-01-29 08:30:44', '2018-01-29 08:30:44'),
(137, 177, 97, 'Nihil dignissimos id voluptas.', NULL, 2, 1, 0, '2018-01-29 08:30:44', '2018-01-29 08:30:44'),
(138, 13, 168, 'Omnis ab sint maiores et aut quas ab.', NULL, 3, 1, 0, '2018-01-29 08:30:45', '2018-01-29 08:30:45'),
(139, 36, 46, 'Fugit voluptatibus et ullam excepturi quam accusantium.', NULL, 3, 1, 1, '2018-01-29 08:30:45', '2018-01-29 08:30:45'),
(140, 108, 125, 'Natus illo consequatur dolor laborum est saepe laboriosam.', NULL, 4, 1, 1, '2018-01-29 08:30:45', '2018-01-29 08:30:45'),
(141, 194, 80, 'Voluptatem voluptate dolorem veniam suscipit non.', NULL, 4, 1, 0, '2018-01-29 08:30:45', '2018-01-29 08:30:45'),
(142, 14, 174, 'Sed vel voluptas eaque ut voluptatem similique ea.', NULL, 3, 1, 1, '2018-01-29 08:30:45', '2018-01-29 08:30:45'),
(143, 10, 151, 'Dicta ea voluptatem blanditiis.', NULL, 2, 1, 1, '2018-01-29 08:30:45', '2018-01-29 08:30:45'),
(144, 190, 60, 'Voluptatum labore voluptas alias iusto enim inventore.', NULL, 4, 1, 1, '2018-01-29 08:30:45', '2018-01-29 08:30:45'),
(145, 81, 16, 'Eos qui aliquid distinctio est saepe rem.', NULL, 2, 1, 1, '2018-01-29 08:30:45', '2018-01-29 08:30:45'),
(146, 143, 114, 'Ut nam aut tempora ut voluptas rerum omnis omnis.', NULL, 3, 1, 0, '2018-01-29 08:30:45', '2018-01-29 08:30:45'),
(147, 42, 143, 'Quo neque aut fugit blanditiis est iure rem.', NULL, 1, 1, 0, '2018-01-29 08:30:45', '2018-01-29 08:30:45'),
(148, 99, 103, 'Non ullam quia maiores quas voluptate nobis autem dolore.', NULL, 3, 1, 1, '2018-01-29 08:30:45', '2018-01-29 08:30:45'),
(149, 122, 107, 'Aut eligendi laborum est tenetur ad voluptas.', NULL, 3, 1, 0, '2018-01-29 08:30:45', '2018-01-29 08:30:45'),
(150, 106, 41, 'Doloremque dolores alias voluptatum vel quia.', NULL, 1, 1, 1, '2018-01-29 08:30:45', '2018-01-29 08:30:45'),
(151, 36, 140, 'Cum recusandae accusantium non nesciunt numquam voluptatem.', NULL, 1, 1, 1, '2018-01-29 08:30:45', '2018-01-29 08:30:45'),
(152, 94, 132, 'Aut odio et non velit dolorem eius.', NULL, 3, 1, 0, '2018-01-29 08:30:45', '2018-01-29 08:30:45'),
(153, 170, 109, 'Voluptatum provident deleniti quidem praesentium cum.', NULL, 2, 1, 1, '2018-01-29 08:30:46', '2018-01-29 08:30:46'),
(154, 93, 117, 'Facere tenetur beatae nihil neque qui dolor rerum.', NULL, 2, 1, 0, '2018-01-29 08:30:46', '2018-01-29 08:30:46'),
(155, 193, 85, 'Cupiditate voluptas perferendis eos facilis.', NULL, 1, 1, 0, '2018-01-29 08:30:46', '2018-01-29 08:30:46'),
(156, 196, 27, 'Eligendi odio iure et hic nesciunt doloremque et.', NULL, 1, 1, 0, '2018-01-29 08:30:46', '2018-01-29 08:30:46'),
(157, 44, 129, 'Rem voluptate alias enim voluptas sed non.', NULL, 2, 1, 1, '2018-01-29 08:30:46', '2018-01-29 08:30:46'),
(158, 12, 152, 'Consequatur qui ut iste dolorem et.', NULL, 3, 1, 1, '2018-01-29 08:30:46', '2018-01-29 08:30:46'),
(159, 16, 134, 'Ex dolor est repudiandae molestiae numquam.', NULL, 4, 1, 1, '2018-01-29 08:30:46', '2018-01-29 08:30:46'),
(160, 65, 100, 'Quis libero quisquam odit voluptatem.', NULL, 2, 1, 1, '2018-01-29 08:30:46', '2018-01-29 08:30:46'),
(161, 198, 6, 'Asperiores consectetur velit inventore.', NULL, 1, 1, 1, '2018-01-29 08:30:46', '2018-01-29 08:30:46'),
(162, 2, 65, 'Repellat officia provident itaque aliquam.', NULL, 4, 1, 1, '2018-01-29 08:30:46', '2018-01-29 08:30:46'),
(163, 10, 191, 'Doloribus tempore consequatur quam aut ea harum.', NULL, 4, 1, 1, '2018-01-29 08:30:46', '2018-01-29 08:30:46'),
(164, 142, 104, 'Totam sed voluptas quisquam accusantium laboriosam quaerat ut officia.', NULL, 1, 1, 0, '2018-01-29 08:30:46', '2018-01-29 08:30:46'),
(165, 16, 71, 'Et nesciunt occaecati molestias sunt quidem officiis quia et.', NULL, 1, 1, 1, '2018-01-29 08:30:46', '2018-01-29 08:30:46'),
(166, 29, 134, 'Ad quisquam recusandae quod fugit ipsam.', NULL, 2, 1, 1, '2018-01-29 08:30:46', '2018-01-29 08:30:46'),
(167, 23, 125, 'Est qui tempora dolor sed atque molestias minima.', NULL, 4, 1, 1, '2018-01-29 08:30:46', '2018-01-29 08:30:46'),
(168, 62, 183, 'Blanditiis ut qui sed rerum placeat voluptates.', NULL, 4, 1, 1, '2018-01-29 08:30:46', '2018-01-29 08:30:46'),
(169, 42, 42, 'Sequi fuga delectus est nesciunt reprehenderit id blanditiis.', NULL, 1, 1, 0, '2018-01-29 08:30:47', '2018-01-29 08:30:47'),
(170, 34, 194, 'Quisquam et sint sint amet facere placeat autem.', NULL, 1, 1, 1, '2018-01-29 08:30:47', '2018-01-29 08:30:47'),
(171, 4, 34, 'Quos facere maiores accusantium placeat deserunt quo aut.', NULL, 2, 1, 0, '2018-01-29 08:30:47', '2018-01-29 08:30:47'),
(172, 138, 141, 'Accusantium sed est iusto corrupti est sunt sit.', NULL, 1, 1, 0, '2018-01-29 08:30:47', '2018-01-29 08:30:47'),
(173, 56, 58, 'Officiis ipsam facilis perspiciatis qui.', NULL, 1, 1, 1, '2018-01-29 08:30:47', '2018-01-29 08:30:47'),
(174, 151, 140, 'Repudiandae laboriosam ratione ea asperiores adipisci consectetur.', NULL, 4, 1, 1, '2018-01-29 08:30:47', '2018-01-29 08:30:47'),
(175, 138, 2, 'Eligendi nihil eius illum quia.', NULL, 2, 1, 1, '2018-01-29 08:30:47', '2018-01-29 08:30:47'),
(176, 195, 173, 'Mollitia esse eos quae animi minus.', NULL, 2, 1, 0, '2018-01-29 08:30:47', '2018-01-29 08:30:47'),
(177, 64, 195, 'Quae eaque qui tempora eum quos amet voluptas.', NULL, 2, 1, 0, '2018-01-29 08:30:47', '2018-01-29 08:30:47'),
(178, 184, 7, 'Beatae ex repellendus sit incidunt hic sequi animi.', NULL, 4, 1, 1, '2018-01-29 08:30:47', '2018-01-29 08:30:47'),
(179, 157, 184, 'Porro quo culpa voluptatem.', NULL, 3, 1, 1, '2018-01-29 08:30:47', '2018-01-29 08:30:47'),
(180, 37, 200, 'Nostrum et vel odio optio quo fuga.', NULL, 4, 1, 0, '2018-01-29 08:30:47', '2018-01-29 08:30:47'),
(181, 191, 65, 'Eveniet rem eius eum.', NULL, 4, 1, 1, '2018-01-29 08:30:47', '2018-01-29 08:30:47'),
(182, 20, 169, 'Totam et cumque quibusdam hic consequatur ut voluptas.', NULL, 3, 1, 0, '2018-01-29 08:30:47', '2018-01-29 08:30:47'),
(183, 129, 85, 'Exercitationem hic architecto sint quas consectetur.', NULL, 3, 1, 0, '2018-01-29 08:30:47', '2018-01-29 08:30:47'),
(184, 134, 86, 'Nesciunt ab aut ipsam nobis esse esse.', NULL, 1, 1, 0, '2018-01-29 08:30:47', '2018-01-29 08:30:47'),
(185, 111, 110, 'Eius rem veniam eveniet qui quae aspernatur aliquam vel.', NULL, 2, 1, 1, '2018-01-29 08:30:48', '2018-01-29 08:30:48'),
(186, 90, 1, 'Esse quam iure ducimus libero quis.', NULL, 4, 1, 1, '2018-01-29 08:30:48', '2018-01-29 08:30:48'),
(187, 119, 25, 'Voluptatem tempora blanditiis consequatur optio qui et.', NULL, 2, 1, 0, '2018-01-29 08:30:48', '2018-01-29 08:30:48'),
(188, 5, 127, 'Quaerat debitis expedita quae laboriosam consequuntur et.', NULL, 4, 1, 1, '2018-01-29 08:30:48', '2018-01-29 08:30:48'),
(189, 134, 15, 'Repellendus sequi commodi similique eos.', NULL, 3, 1, 0, '2018-01-29 08:30:48', '2018-01-29 08:30:48'),
(190, 10, 185, 'Non hic est quasi explicabo reprehenderit dolores eaque.', NULL, 4, 1, 1, '2018-01-29 08:30:48', '2018-01-29 08:30:48'),
(191, 190, 93, 'Quia magnam eum porro illum.', NULL, 3, 1, 0, '2018-01-29 08:30:48', '2018-01-29 08:30:48'),
(192, 31, 176, 'Nostrum eos provident nisi ut est.', NULL, 2, 1, 1, '2018-01-29 08:30:48', '2018-01-29 08:30:48'),
(193, 52, 132, 'Fugiat itaque doloribus sit nemo.', NULL, 1, 1, 0, '2018-01-29 08:30:48', '2018-01-29 08:30:48'),
(194, 80, 93, 'Delectus doloribus accusamus vitae quaerat.', NULL, 3, 1, 1, '2018-01-29 08:30:48', '2018-01-29 08:30:48'),
(195, 92, 59, 'Molestias sed eos corrupti et minus sunt sed quia.', NULL, 1, 1, 1, '2018-01-29 08:30:48', '2018-01-29 08:30:48'),
(196, 86, 193, 'Ea amet deleniti sint eos quae.', NULL, 2, 1, 0, '2018-01-29 08:30:48', '2018-01-29 08:30:48'),
(197, 167, 75, 'Itaque ducimus tempore tenetur.', NULL, 2, 1, 0, '2018-01-29 08:30:48', '2018-01-29 08:30:48'),
(198, 37, 76, 'Voluptate nisi autem consequatur nulla ut qui.', NULL, 4, 1, 1, '2018-01-29 08:30:48', '2018-01-29 08:30:48'),
(199, 30, 131, 'Sit aut necessitatibus officia neque sed amet odio.', NULL, 2, 1, 0, '2018-01-29 08:30:48', '2018-01-29 08:30:48'),
(200, 44, 15, 'Nihil eos est non tempora fugit aut.', NULL, 3, 1, 1, '2018-01-29 08:30:48', '2018-01-29 08:30:48');

-- --------------------------------------------------------

--
-- Table structure for table `q_videos`
--

CREATE TABLE `q_videos` (
  `id` int(10) UNSIGNED NOT NULL,
  `question_id` int(11) NOT NULL,
  `v_link` varchar(191) COLLATE utf8mb4_unicode_ci NOT NULL,
  `created_at` timestamp NULL DEFAULT NULL,
  `updated_at` timestamp NULL DEFAULT NULL
) ENGINE=MyISAM DEFAULT CHARSET=utf8mb4 COLLATE=utf8mb4_unicode_ci;

-- --------------------------------------------------------

--
-- Table structure for table `subjects`
--

CREATE TABLE `subjects` (
  `id` int(10) UNSIGNED NOT NULL,
  `subject_name` varchar(191) COLLATE utf8mb4_unicode_ci NOT NULL,
  `status` tinyint(1) NOT NULL DEFAULT '0',
  `created_at` timestamp NULL DEFAULT NULL,
  `updated_at` timestamp NULL DEFAULT NULL
) ENGINE=MyISAM DEFAULT CHARSET=utf8mb4 COLLATE=utf8mb4_unicode_ci;

--
-- Dumping data for table `subjects`
--

INSERT INTO `subjects` (`id`, `subject_name`, `status`, `created_at`, `updated_at`) VALUES
(1, 'quos', 1, '2018-01-29 08:30:08', '2018-01-29 08:30:08'),
(2, 'esse', 1, '2018-01-29 08:30:08', '2018-01-29 08:30:08'),
(3, 'sequi', 1, '2018-01-29 08:30:08', '2018-01-29 08:30:08'),
(4, 'est', 1, '2018-01-29 08:30:08', '2018-01-29 08:30:08'),
(5, 'blanditiis', 1, '2018-01-29 08:30:08', '2018-01-29 08:30:08'),
(6, 'repudiandae', 1, '2018-01-29 08:30:09', '2018-01-29 08:30:09'),
(7, 'et', 1, '2018-01-29 08:30:09', '2018-01-29 08:30:09'),
(8, 'modi', 1, '2018-01-29 08:30:09', '2018-01-29 08:30:09'),
(9, 'minima', 1, '2018-01-29 08:30:09', '2018-01-29 08:30:09'),
(10, 'numquam', 1, '2018-01-29 08:30:09', '2018-01-29 08:30:09'),
(11, 'quis', 1, '2018-01-29 08:30:09', '2018-01-29 08:30:09'),
(12, 'corporis', 1, '2018-01-29 08:30:09', '2018-01-29 08:30:09'),
(13, 'sapiente', 1, '2018-01-29 08:30:09', '2018-01-29 08:30:09'),
(14, 'est', 1, '2018-01-29 08:30:09', '2018-01-29 08:30:09'),
(15, 'facere', 1, '2018-01-29 08:30:09', '2018-01-29 08:30:09'),
(16, 'ducimus', 1, '2018-01-29 08:30:09', '2018-01-29 08:30:09'),
(17, 'reprehenderit', 1, '2018-01-29 08:30:09', '2018-01-29 08:30:09'),
(18, 'sint', 1, '2018-01-29 08:30:09', '2018-01-29 08:30:09'),
(19, 'eos', 1, '2018-01-29 08:30:09', '2018-01-29 08:30:09'),
(20, 'fugit', 1, '2018-01-29 08:30:09', '2018-01-29 08:30:09'),
(21, 'nihil', 1, '2018-01-29 08:30:09', '2018-01-29 08:30:09'),
(22, 'id', 1, '2018-01-29 08:30:09', '2018-01-29 08:30:09'),
(23, 'maiores', 1, '2018-01-29 08:30:10', '2018-01-29 08:30:10'),
(24, 'rerum', 1, '2018-01-29 08:30:10', '2018-01-29 08:30:10'),
(25, 'et', 1, '2018-01-29 08:30:10', '2018-01-29 08:30:10'),
(26, 'quia', 1, '2018-01-29 08:30:10', '2018-01-29 08:30:10'),
(27, 'officia', 1, '2018-01-29 08:30:10', '2018-01-29 08:30:10'),
(28, 'consequatur', 1, '2018-01-29 08:30:10', '2018-01-29 08:30:10'),
(29, 'qui', 1, '2018-01-29 08:30:10', '2018-01-29 08:30:10'),
(30, 'hic', 1, '2018-01-29 08:30:10', '2018-01-29 08:30:10'),
(31, 'sint', 1, '2018-01-29 08:30:10', '2018-01-29 08:30:10'),
(32, 'ea', 1, '2018-01-29 08:30:10', '2018-01-29 08:30:10'),
(33, 'ut', 1, '2018-01-29 08:30:10', '2018-01-29 08:30:10'),
(34, 'dolorum', 1, '2018-01-29 08:30:10', '2018-01-29 08:30:10'),
(35, 'corporis', 1, '2018-01-29 08:30:11', '2018-01-29 08:30:11'),
(36, 'voluptates', 1, '2018-01-29 08:30:11', '2018-01-29 08:30:11'),
(37, 'sunt', 1, '2018-01-29 08:30:11', '2018-01-29 08:30:11'),
(38, 'quaerat', 1, '2018-01-29 08:30:11', '2018-01-29 08:30:11'),
(39, 'quo', 1, '2018-01-29 08:30:11', '2018-01-29 08:30:11'),
(40, 'sapiente', 1, '2018-01-29 08:30:11', '2018-01-29 08:30:11'),
(41, 'laborum', 1, '2018-01-29 08:30:11', '2018-01-29 08:30:11'),
(42, 'omnis', 1, '2018-01-29 08:30:11', '2018-01-29 08:30:11'),
(43, 'dignissimos', 1, '2018-01-29 08:30:11', '2018-01-29 08:30:11'),
(44, 'et', 1, '2018-01-29 08:30:11', '2018-01-29 08:30:11'),
(45, 'repellendus', 1, '2018-01-29 08:30:11', '2018-01-29 08:30:11'),
(46, 'rerum', 1, '2018-01-29 08:30:11', '2018-01-29 08:30:11'),
(47, 'id', 1, '2018-01-29 08:30:11', '2018-01-29 08:30:11'),
(48, 'officia', 1, '2018-01-29 08:30:11', '2018-01-29 08:30:11'),
(49, 'rerum', 1, '2018-01-29 08:30:11', '2018-01-29 08:30:11'),
(50, 'sit', 1, '2018-01-29 08:30:12', '2018-01-29 08:30:12'),
(51, 'accusamus', 1, '2018-01-29 08:30:12', '2018-01-29 08:30:12'),
(52, 'eum', 1, '2018-01-29 08:30:12', '2018-01-29 08:30:12'),
(53, 'et', 1, '2018-01-29 08:30:12', '2018-01-29 08:30:12'),
(54, 'omnis', 1, '2018-01-29 08:30:12', '2018-01-29 08:30:12'),
(55, 'occaecati', 1, '2018-01-29 08:30:12', '2018-01-29 08:30:12'),
(56, 'cupiditate', 1, '2018-01-29 08:30:12', '2018-01-29 08:30:12'),
(57, 'eum', 1, '2018-01-29 08:30:12', '2018-01-29 08:30:12'),
(58, 'quas', 1, '2018-01-29 08:30:12', '2018-01-29 08:30:12'),
(59, 'sit', 1, '2018-01-29 08:30:12', '2018-01-29 08:30:12'),
(60, 'et', 1, '2018-01-29 08:30:12', '2018-01-29 08:30:12'),
(61, 'veritatis', 1, '2018-01-29 08:30:12', '2018-01-29 08:30:12'),
(62, 'placeat', 1, '2018-01-29 08:30:12', '2018-01-29 08:30:12'),
(63, 'eum', 1, '2018-01-29 08:30:12', '2018-01-29 08:30:12'),
(64, 'eius', 1, '2018-01-29 08:30:13', '2018-01-29 08:30:13'),
(65, 'quo', 1, '2018-01-29 08:30:13', '2018-01-29 08:30:13'),
(66, 'est', 1, '2018-01-29 08:30:13', '2018-01-29 08:30:13'),
(67, 'consequatur', 1, '2018-01-29 08:30:13', '2018-01-29 08:30:13'),
(68, 'natus', 1, '2018-01-29 08:30:13', '2018-01-29 08:30:13'),
(69, 'cumque', 1, '2018-01-29 08:30:13', '2018-01-29 08:30:13'),
(70, 'neque', 1, '2018-01-29 08:30:13', '2018-01-29 08:30:13'),
(71, 'asperiores', 1, '2018-01-29 08:30:13', '2018-01-29 08:30:13'),
(72, 'ut', 1, '2018-01-29 08:30:13', '2018-01-29 08:30:13'),
(73, 'architecto', 1, '2018-01-29 08:30:13', '2018-01-29 08:30:13'),
(74, 'sit', 1, '2018-01-29 08:30:13', '2018-01-29 08:30:13'),
(75, 'aut', 1, '2018-01-29 08:30:13', '2018-01-29 08:30:13'),
(76, 'molestiae', 1, '2018-01-29 08:30:13', '2018-01-29 08:30:13'),
(77, 'nesciunt', 1, '2018-01-29 08:30:13', '2018-01-29 08:30:13'),
(78, 'dolore', 1, '2018-01-29 08:30:13', '2018-01-29 08:30:13'),
(79, 'dolorem', 1, '2018-01-29 08:30:14', '2018-01-29 08:30:14'),
(80, 'officiis', 1, '2018-01-29 08:30:14', '2018-01-29 08:30:14'),
(81, 'nam', 1, '2018-01-29 08:30:14', '2018-01-29 08:30:14'),
(82, 'quia', 1, '2018-01-29 08:30:14', '2018-01-29 08:30:14'),
(83, 'et', 1, '2018-01-29 08:30:14', '2018-01-29 08:30:14'),
(84, 'sunt', 1, '2018-01-29 08:30:14', '2018-01-29 08:30:14'),
(85, 'aut', 1, '2018-01-29 08:30:14', '2018-01-29 08:30:14'),
(86, 'dolorum', 1, '2018-01-29 08:30:14', '2018-01-29 08:30:14'),
(87, 'praesentium', 1, '2018-01-29 08:30:14', '2018-01-29 08:30:14'),
(88, 'est', 1, '2018-01-29 08:30:14', '2018-01-29 08:30:14'),
(89, 'impedit', 1, '2018-01-29 08:30:14', '2018-01-29 08:30:14'),
(90, 'itaque', 1, '2018-01-29 08:30:14', '2018-01-29 08:30:14'),
(91, 'incidunt', 1, '2018-01-29 08:30:14', '2018-01-29 08:30:14'),
(92, 'ut', 1, '2018-01-29 08:30:14', '2018-01-29 08:30:14'),
(93, 'mollitia', 1, '2018-01-29 08:30:14', '2018-01-29 08:30:14'),
(94, 'beatae', 1, '2018-01-29 08:30:15', '2018-01-29 08:30:15'),
(95, 'non', 1, '2018-01-29 08:30:15', '2018-01-29 08:30:15'),
(96, 'velit', 1, '2018-01-29 08:30:15', '2018-01-29 08:30:15'),
(97, 'maxime', 1, '2018-01-29 08:30:15', '2018-01-29 08:30:15'),
(98, 'necessitatibus', 1, '2018-01-29 08:30:15', '2018-01-29 08:30:15'),
(99, 'voluptatem', 1, '2018-01-29 08:30:15', '2018-01-29 08:30:15'),
(100, 'facere', 1, '2018-01-29 08:30:15', '2018-01-29 08:30:15'),
(101, 'quas', 1, '2018-01-29 08:30:15', '2018-01-29 08:30:15'),
(102, 'quasi', 1, '2018-01-29 08:30:15', '2018-01-29 08:30:15'),
(103, 'voluptas', 1, '2018-01-29 08:30:15', '2018-01-29 08:30:15'),
(104, 'exercitationem', 1, '2018-01-29 08:30:15', '2018-01-29 08:30:15'),
(105, 'et', 1, '2018-01-29 08:30:15', '2018-01-29 08:30:15'),
(106, 'nesciunt', 1, '2018-01-29 08:30:15', '2018-01-29 08:30:15'),
(107, 'vitae', 1, '2018-01-29 08:30:15', '2018-01-29 08:30:15'),
(108, 'ut', 1, '2018-01-29 08:30:15', '2018-01-29 08:30:15'),
(109, 'dolor', 1, '2018-01-29 08:30:15', '2018-01-29 08:30:15'),
(110, 'quia', 1, '2018-01-29 08:30:16', '2018-01-29 08:30:16'),
(111, 'aut', 1, '2018-01-29 08:30:16', '2018-01-29 08:30:16'),
(112, 'voluptatum', 1, '2018-01-29 08:30:16', '2018-01-29 08:30:16'),
(113, 'quia', 1, '2018-01-29 08:30:16', '2018-01-29 08:30:16'),
(114, 'optio', 1, '2018-01-29 08:30:16', '2018-01-29 08:30:16'),
(115, 'corporis', 1, '2018-01-29 08:30:16', '2018-01-29 08:30:16'),
(116, 'aut', 1, '2018-01-29 08:30:16', '2018-01-29 08:30:16'),
(117, 'corrupti', 1, '2018-01-29 08:30:16', '2018-01-29 08:30:16'),
(118, 'provident', 1, '2018-01-29 08:30:16', '2018-01-29 08:30:16'),
(119, 'odio', 1, '2018-01-29 08:30:16', '2018-01-29 08:30:16'),
(120, 'dolore', 1, '2018-01-29 08:30:16', '2018-01-29 08:30:16'),
(121, 'iusto', 1, '2018-01-29 08:30:16', '2018-01-29 08:30:16'),
(122, 'officia', 1, '2018-01-29 08:30:16', '2018-01-29 08:30:16'),
(123, 'est', 1, '2018-01-29 08:30:16', '2018-01-29 08:30:16'),
(124, 'et', 1, '2018-01-29 08:30:16', '2018-01-29 08:30:16'),
(125, 'libero', 1, '2018-01-29 08:30:17', '2018-01-29 08:30:17'),
(126, 'qui', 1, '2018-01-29 08:30:17', '2018-01-29 08:30:17'),
(127, 'maxime', 1, '2018-01-29 08:30:17', '2018-01-29 08:30:17'),
(128, 'sint', 1, '2018-01-29 08:30:17', '2018-01-29 08:30:17'),
(129, 'numquam', 1, '2018-01-29 08:30:17', '2018-01-29 08:30:17'),
(130, 'in', 1, '2018-01-29 08:30:17', '2018-01-29 08:30:17'),
(131, 'quia', 1, '2018-01-29 08:30:17', '2018-01-29 08:30:17'),
(132, 'vitae', 1, '2018-01-29 08:30:17', '2018-01-29 08:30:17'),
(133, 'quod', 1, '2018-01-29 08:30:17', '2018-01-29 08:30:17'),
(134, 'iste', 1, '2018-01-29 08:30:17', '2018-01-29 08:30:17'),
(135, 'in', 1, '2018-01-29 08:30:17', '2018-01-29 08:30:17'),
(136, 'cumque', 1, '2018-01-29 08:30:17', '2018-01-29 08:30:17'),
(137, 'ratione', 1, '2018-01-29 08:30:18', '2018-01-29 08:30:18'),
(138, 'veritatis', 1, '2018-01-29 08:30:18', '2018-01-29 08:30:18'),
(139, 'sunt', 1, '2018-01-29 08:30:18', '2018-01-29 08:30:18'),
(140, 'cum', 1, '2018-01-29 08:30:18', '2018-01-29 08:30:18'),
(141, 'quidem', 1, '2018-01-29 08:30:18', '2018-01-29 08:30:18'),
(142, 'aut', 1, '2018-01-29 08:30:18', '2018-01-29 08:30:18'),
(143, 'labore', 1, '2018-01-29 08:30:18', '2018-01-29 08:30:18'),
(144, 'provident', 1, '2018-01-29 08:30:18', '2018-01-29 08:30:18'),
(145, 'at', 1, '2018-01-29 08:30:18', '2018-01-29 08:30:18'),
(146, 'nobis', 1, '2018-01-29 08:30:18', '2018-01-29 08:30:18'),
(147, 'distinctio', 1, '2018-01-29 08:30:18', '2018-01-29 08:30:18'),
(148, 'velit', 1, '2018-01-29 08:30:18', '2018-01-29 08:30:18'),
(149, 'et', 1, '2018-01-29 08:30:18', '2018-01-29 08:30:18'),
(150, 'aut', 1, '2018-01-29 08:30:18', '2018-01-29 08:30:18'),
(151, 'repellat', 1, '2018-01-29 08:30:18', '2018-01-29 08:30:18'),
(152, 'ullam', 1, '2018-01-29 08:30:19', '2018-01-29 08:30:19'),
(153, 'porro', 1, '2018-01-29 08:30:19', '2018-01-29 08:30:19'),
(154, 'quos', 1, '2018-01-29 08:30:19', '2018-01-29 08:30:19'),
(155, 'fugiat', 1, '2018-01-29 08:30:19', '2018-01-29 08:30:19'),
(156, 'dolore', 1, '2018-01-29 08:30:19', '2018-01-29 08:30:19'),
(157, 'possimus', 1, '2018-01-29 08:30:19', '2018-01-29 08:30:19'),
(158, 'doloribus', 1, '2018-01-29 08:30:19', '2018-01-29 08:30:19'),
(159, 'velit', 1, '2018-01-29 08:30:19', '2018-01-29 08:30:19'),
(160, 'quia', 1, '2018-01-29 08:30:19', '2018-01-29 08:30:19'),
(161, 'tempora', 1, '2018-01-29 08:30:19', '2018-01-29 08:30:19'),
(162, 'praesentium', 1, '2018-01-29 08:30:19', '2018-01-29 08:30:19'),
(163, 'nostrum', 1, '2018-01-29 08:30:19', '2018-01-29 08:30:19'),
(164, 'illum', 1, '2018-01-29 08:30:19', '2018-01-29 08:30:19'),
(165, 'quos', 1, '2018-01-29 08:30:19', '2018-01-29 08:30:19'),
(166, 'dolores', 1, '2018-01-29 08:30:19', '2018-01-29 08:30:19'),
(167, 'ipsum', 1, '2018-01-29 08:30:19', '2018-01-29 08:30:19'),
(168, 'ullam', 1, '2018-01-29 08:30:20', '2018-01-29 08:30:20'),
(169, 'autem', 1, '2018-01-29 08:30:20', '2018-01-29 08:30:20'),
(170, 'nemo', 1, '2018-01-29 08:30:20', '2018-01-29 08:30:20'),
(171, 'vitae', 1, '2018-01-29 08:30:20', '2018-01-29 08:30:20'),
(172, 'neque', 1, '2018-01-29 08:30:20', '2018-01-29 08:30:20'),
(173, 'corporis', 1, '2018-01-29 08:30:20', '2018-01-29 08:30:20'),
(174, 'dolorem', 1, '2018-01-29 08:30:20', '2018-01-29 08:30:20'),
(175, 'repellendus', 1, '2018-01-29 08:30:20', '2018-01-29 08:30:20'),
(176, 'magni', 1, '2018-01-29 08:30:20', '2018-01-29 08:30:20'),
(177, 'qui', 1, '2018-01-29 08:30:20', '2018-01-29 08:30:20'),
(178, 'consequuntur', 1, '2018-01-29 08:30:20', '2018-01-29 08:30:20'),
(179, 'animi', 1, '2018-01-29 08:30:20', '2018-01-29 08:30:20'),
(180, 'soluta', 1, '2018-01-29 08:30:20', '2018-01-29 08:30:20'),
(181, 'dolores', 1, '2018-01-29 08:30:20', '2018-01-29 08:30:20'),
(182, 'dignissimos', 1, '2018-01-29 08:30:20', '2018-01-29 08:30:20'),
(183, 'ullam', 1, '2018-01-29 08:30:20', '2018-01-29 08:30:20'),
(184, 'atque', 1, '2018-01-29 08:30:21', '2018-01-29 08:30:21'),
(185, 'est', 1, '2018-01-29 08:30:21', '2018-01-29 08:30:21'),
(186, 'et', 1, '2018-01-29 08:30:21', '2018-01-29 08:30:21'),
(187, 'voluptas', 1, '2018-01-29 08:30:21', '2018-01-29 08:30:21'),
(188, 'temporibus', 1, '2018-01-29 08:30:21', '2018-01-29 08:30:21'),
(189, 'nulla', 1, '2018-01-29 08:30:21', '2018-01-29 08:30:21'),
(190, 'sed', 1, '2018-01-29 08:30:21', '2018-01-29 08:30:21'),
(191, 'et', 1, '2018-01-29 08:30:21', '2018-01-29 08:30:21'),
(192, 'quam', 1, '2018-01-29 08:30:21', '2018-01-29 08:30:21'),
(193, 'dolore', 1, '2018-01-29 08:30:21', '2018-01-29 08:30:21'),
(194, 'consequatur', 1, '2018-01-29 08:30:21', '2018-01-29 08:30:21'),
(195, 'et', 1, '2018-01-29 08:30:21', '2018-01-29 08:30:21'),
(196, 'sint', 1, '2018-01-29 08:30:21', '2018-01-29 08:30:21'),
(197, 'voluptates', 1, '2018-01-29 08:30:21', '2018-01-29 08:30:21'),
(198, 'sit', 1, '2018-01-29 08:30:21', '2018-01-29 08:30:21'),
(199, 'aspernatur', 1, '2018-01-29 08:30:21', '2018-01-29 08:30:21'),
(200, 'inventore', 1, '2018-01-29 08:30:22', '2018-01-29 08:30:22');

-- --------------------------------------------------------

--
-- Table structure for table `tests`
--

CREATE TABLE `tests` (
  `id` int(10) UNSIGNED NOT NULL,
  `test_title` varchar(191) COLLATE utf8mb4_unicode_ci NOT NULL,
  `test_marks` varchar(191) COLLATE utf8mb4_unicode_ci NOT NULL,
  `test_time` int(11) NOT NULL,
  `test_negative_marks` varchar(191) COLLATE utf8mb4_unicode_ci NOT NULL,
  `test_note` text COLLATE utf8mb4_unicode_ci NOT NULL,
  `expiry_date` date NOT NULL,
  `status` tinyint(1) DEFAULT '0',
  `created_at` timestamp NULL DEFAULT NULL,
  `updated_at` timestamp NULL DEFAULT NULL
) ENGINE=MyISAM DEFAULT CHARSET=utf8mb4 COLLATE=utf8mb4_unicode_ci;

--
-- Dumping data for table `tests`
--

INSERT INTO `tests` (`id`, `test_title`, `test_marks`, `test_time`, `test_negative_marks`, `test_note`, `expiry_date`, `status`, `created_at`, `updated_at`) VALUES
(1, 'Dolor ea fuga dolor dolore sed.', '60', 180, '1', 'Ea omnis in beatae ut dicta quidem. Laborum itaque dolorem aliquid adipisci odit dolorem modi aliquid. Id aut cupiditate rerum laboriosam et unde culpa. Voluptatem aut dolores dolor quibusdam expedita.', '1970-01-01', 1, '2018-01-29 08:31:01', '2018-01-29 08:31:01'),
(2, 'Rerum reiciendis quod odio accusantium sed.', '150', 30, '2', 'Et voluptas deleniti expedita voluptate. Nostrum molestiae dolor sunt eum blanditiis nulla. Eius itaque ullam tempora sit ut esse velit. Inventore quasi et non cum omnis quaerat deleniti.', '1970-01-01', 1, '2018-01-29 08:31:01', '2018-01-29 08:31:01'),
(3, 'Quod rem ut sapiente et expedita temporibus.', '150', 30, '5', 'Qui vitae cumque nesciunt modi. Magnam dicta error nulla vero nihil sunt. Sunt cum aliquam reprehenderit expedita sit.', '1970-01-01', 0, '2018-01-29 08:31:01', '2018-01-29 08:31:01'),
(4, 'Consequatur tenetur est doloremque quis eos adipisci.', '30', 180, '1', 'Optio impedit autem voluptatibus et expedita saepe. Laboriosam dolorem reiciendis nam et aliquid eum ea aut. Consequatur necessitatibus ipsum alias unde. Aperiam dolorem aliquid et rerum enim neque natus.', '1970-01-01', 0, '2018-01-29 08:31:01', '2018-01-29 08:31:01'),
(5, 'Veritatis quasi dicta dignissimos autem.', '100', 60, '2', 'Qui optio assumenda ex. Quos dolores accusamus officia temporibus. Assumenda eum enim accusamus molestiae error occaecati. Odio ut rerum eos aspernatur impedit consectetur porro. Autem illum vel et sed molestiae enim amet.', '1970-01-01', 1, '2018-01-29 08:31:01', '2018-01-29 08:31:01'),
(6, 'Minima amet dolores explicabo ea.', '60', 15, '2', 'Perspiciatis consectetur sunt voluptatem molestiae voluptatem ut est ut. Fugit id iusto commodi reiciendis dolorem et nesciunt. Qui tempora sed quibusdam sed.', '1970-01-01', 0, '2018-01-29 08:31:01', '2018-01-29 08:31:01'),
(7, 'Ex at officiis qui quisquam assumenda nisi.', '150', 30, '5', 'Fugit vero dolorum dolores assumenda iste eum dolores et. Nisi quis tempore nostrum sed omnis tenetur. Quia aut beatae et nihil officia quaerat. Facere et sint harum consequatur.', '1970-01-01', 1, '2018-01-29 08:31:02', '2018-01-29 08:31:02'),
(8, 'Reprehenderit ut illum est fugit enim praesentium.', '150', 15, '2', 'Mollitia et iusto dolorem excepturi molestiae saepe nostrum qui. Fugit illum laudantium omnis quo corporis qui non. Fugit possimus voluptas quia et aliquid quia dicta. Sit libero quia et dignissimos nemo.', '1970-01-01', 1, '2018-01-29 08:31:02', '2018-01-29 08:31:02'),
(9, 'Perferendis placeat nisi temporibus quia.', '150', 60, '1', 'Quam rerum vero adipisci distinctio aut voluptate occaecati. Voluptates reprehenderit molestias maiores doloribus ratione omnis qui quod. Optio eveniet et ad occaecati harum earum enim. Nulla temporibus incidunt cum dolor ex eos.', '1970-01-01', 1, '2018-01-29 08:31:02', '2018-01-29 08:31:02'),
(10, 'Possimus laborum quis voluptates blanditiis autem incidunt eos.', '150', 180, '2', 'Delectus mollitia dolores qui dicta. Rem sunt in quo autem reprehenderit et sit. Voluptatem commodi assumenda minus qui illum inventore sequi.', '1970-01-01', 0, '2018-01-29 08:31:02', '2018-01-29 08:31:02'),
(11, 'Ratione cumque aut error architecto perspiciatis.', '60', 10, '5', 'Velit tempore molestiae cumque ipsam. Mollitia ea atque nihil magni. Enim sequi cum velit iusto et unde laudantium.', '1970-01-01', 0, '2018-01-29 08:31:02', '2018-01-29 08:31:02'),
(12, 'Accusantium dolorum et aliquid sit ut est nostrum.', '200', 60, '2', 'Hic aut dolor saepe error dolores. Id fugiat fugit officia magnam voluptas aut excepturi. Atque pariatur officiis ex in voluptatem sint. Dignissimos ut ut voluptatem velit ut.', '1970-01-01', 1, '2018-01-29 08:31:02', '2018-01-29 08:31:02'),
(13, 'Explicabo molestias consequatur vel a consequuntur quia.', '150', 180, '2', 'Ipsum recusandae quia qui iure quia nostrum. Dolores vel sunt quaerat ratione tempora. Nam officiis qui ipsa qui sit minima.', '1970-01-01', 0, '2018-01-29 08:31:02', '2018-01-29 08:31:02'),
(14, 'Modi sed cupiditate quod nulla culpa delectus.', '150', 30, '5', 'Odit et aut sint ut. Quia veniam ipsa dignissimos eos. Porro iusto cumque reiciendis atque et sit.', '1970-01-01', 1, '2018-01-29 08:31:02', '2018-01-29 08:31:02'),
(15, 'Repellat suscipit sed occaecati.', '30', 180, '2', 'Voluptatibus voluptates architecto ab quos aut. Eos minus unde aut iure. Non veniam ipsam accusamus voluptatem neque quam est. Vel qui alias voluptas sit est beatae qui architecto.', '1970-01-01', 0, '2018-01-29 08:31:02', '2018-01-29 08:31:02'),
(16, 'Atque eligendi accusamus velit provident corrupti voluptatum nostrum et.', '60', 15, '5', 'Aliquid excepturi enim amet. Velit inventore vitae recusandae neque voluptatem aut. Eligendi quasi exercitationem eveniet aliquam. Dolore magni harum asperiores nemo placeat quod et esse.', '1970-01-01', 0, '2018-01-29 08:31:02', '2018-01-29 08:31:02'),
(17, 'Minus consequatur voluptas et ullam.', '60', 10, '1', 'Voluptatem et aut est deleniti officiis itaque. Dolores ut vel autem quos et sit nemo. Est officiis quia velit.', '1970-01-01', 1, '2018-01-29 08:31:02', '2018-01-29 08:31:02'),
(18, 'Voluptas doloremque delectus iure maxime minus consectetur harum tenetur.', '100', 30, '1', 'Nobis rem laboriosam voluptate. Consectetur porro tempora quasi sed blanditiis exercitationem esse. Numquam voluptatibus ullam harum inventore id nulla. Provident illum ea quam.', '1970-01-01', 1, '2018-01-29 08:31:02', '2018-01-29 08:31:02'),
(19, 'Qui necessitatibus non aut consequatur dolor laborum aut.', '150', 30, '1', 'Ut in dolorem ea rerum nihil at vitae. Alias labore aut aspernatur sint.', '1970-01-01', 0, '2018-01-29 08:31:02', '2018-01-29 08:31:02'),
(20, 'Ex provident praesentium iusto mollitia impedit consectetur provident.', '30', 10, '2', 'Et dicta voluptatum recusandae fugit. Suscipit non in exercitationem expedita. Ut et praesentium doloribus soluta voluptatem laboriosam. Alias possimus rerum ipsa ex commodi illo deleniti.', '1970-01-01', 0, '2018-01-29 08:31:02', '2018-01-29 08:31:02'),
(21, 'Cum nesciunt qui excepturi dolorem in aliquam.', '100', 10, '1', 'Nulla nam qui nihil et nihil et. Consequuntur dolor sint numquam exercitationem eveniet odio. Dolore maxime sit ut sapiente illum. Architecto corrupti eligendi recusandae architecto.', '1970-01-01', 0, '2018-01-29 08:31:02', '2018-01-29 08:31:02'),
(22, 'Quia illo similique atque et.', '150', 180, '2', 'Et nam doloremque fuga voluptas. In natus maxime nemo ut. Blanditiis non fugiat eum nam id.', '1970-01-01', 0, '2018-01-29 08:31:02', '2018-01-29 08:31:02'),
(23, 'Minima distinctio harum voluptatum quasi aspernatur aliquid exercitationem.', '200', 10, '2', 'Officiis dolorem nam qui cum. Magni ut omnis ut illo tempore unde ut.', '1970-01-01', 1, '2018-01-29 08:31:02', '2018-01-29 08:31:02'),
(24, 'Et sed pariatur dolores tempora sed natus.', '100', 15, '1', 'Et sed nam velit aut. Commodi quas aut voluptas sint repellat nisi recusandae. Consequatur sed molestias provident nihil et.', '1970-01-01', 1, '2018-01-29 08:31:03', '2018-01-29 08:31:03'),
(25, 'Quas soluta cum hic eveniet nam itaque.', '200', 30, '5', 'In vel saepe vel aperiam ut tempora et. Quisquam nesciunt quis sint dolores. Amet pariatur rerum fuga culpa. Minima qui molestiae omnis dicta.', '1970-01-01', 1, '2018-01-29 08:31:03', '2018-01-29 08:31:03'),
(26, 'Vitae perspiciatis sunt minus enim.', '30', 15, '2', 'Voluptatem veritatis sed accusamus ipsam enim dolores quo. Quia est modi ut sit autem corporis possimus. Distinctio et consequatur qui et consequuntur et.', '1970-01-01', 1, '2018-01-29 08:31:03', '2018-01-29 08:31:03'),
(27, 'Id ut quidem voluptatibus doloremque ad rerum eveniet.', '100', 180, '2', 'Quis facilis repellat excepturi doloribus et. Qui sunt quos labore. Perspiciatis possimus ea dolorum.', '1970-01-01', 0, '2018-01-29 08:31:03', '2018-01-29 08:31:03'),
(28, 'Sit non sed eius harum sed ut et.', '30', 15, '2', 'Quae quo voluptatem dolor cupiditate eos beatae. Neque perferendis nemo sed illo et. Aliquid et quia inventore rem incidunt.', '1970-01-01', 0, '2018-01-29 08:31:03', '2018-01-29 08:31:03'),
(29, 'Ea beatae cum molestias esse ex officia labore.', '100', 60, '1', 'Optio maxime ea impedit enim vero. Distinctio dolorem officia omnis iste beatae sed dolorum voluptatem. Dolores provident quod non ex fugit quos et. Quibusdam odio enim quo corporis accusamus officia suscipit.', '1970-01-01', 1, '2018-01-29 08:31:03', '2018-01-29 08:31:03'),
(30, 'Et corrupti quo maxime modi quas aut unde.', '60', 60, '5', 'Dolor non qui esse qui distinctio. Est aut veritatis qui autem veritatis recusandae iusto. Ipsa consequatur ut labore. Labore molestiae omnis rem omnis.', '1970-01-01', 0, '2018-01-29 08:31:03', '2018-01-29 08:31:03'),
(31, 'Soluta amet sit repellendus facere tenetur neque blanditiis.', '30', 180, '5', 'Ipsum sapiente tempora ex voluptatem dolor iusto. Dolorem iure explicabo libero eligendi ducimus voluptates hic. Ab ut consequuntur at suscipit.', '1970-01-01', 0, '2018-01-29 08:31:03', '2018-01-29 08:31:03'),
(32, 'Voluptate dolor odio enim.', '200', 180, '2', 'Cum eum minus et ducimus quasi. Hic non dolor modi veritatis quo. Dolorum libero fugiat nesciunt nisi optio et assumenda.', '1970-01-01', 0, '2018-01-29 08:31:03', '2018-01-29 08:31:03'),
(33, 'Optio voluptas dolores ab sit rerum dolorum perspiciatis.', '100', 60, '1', 'Voluptatum ut ratione et voluptatum. Fuga commodi aperiam impedit nobis nesciunt. Esse eos officia id. Autem omnis rerum odit repudiandae nulla numquam.', '1970-01-01', 1, '2018-01-29 08:31:03', '2018-01-29 08:31:03'),
(34, 'Rerum omnis id distinctio distinctio ea exercitationem saepe magnam.', '60', 180, '1', 'Doloremque voluptatem ex rerum ullam ut. Culpa ab harum natus vel ut. Explicabo voluptatum aspernatur est est assumenda omnis illum ipsam.', '1970-01-01', 1, '2018-01-29 08:31:03', '2018-01-29 08:31:03'),
(35, 'Reiciendis iure enim vero ut.', '200', 60, '1', 'Facere inventore et dicta id. Illo totam veritatis id aspernatur. Ut suscipit beatae at animi sunt quaerat.', '1970-01-01', 1, '2018-01-29 08:31:03', '2018-01-29 08:31:03'),
(36, 'Tempore consequuntur voluptate non quae mollitia rem explicabo tempore.', '200', 180, '1', 'Quia adipisci odio commodi consequatur quidem quia autem. Numquam tempora ea expedita libero quo. Sequi harum dignissimos quisquam expedita voluptate occaecati.', '1970-01-01', 0, '2018-01-29 08:31:03', '2018-01-29 08:31:03'),
(37, 'Quis qui deleniti ad molestiae reprehenderit et ut.', '30', 15, '2', 'Doloremque ut dolorum possimus animi rerum distinctio est neque. Laudantium natus et quidem.', '1970-01-01', 1, '2018-01-29 08:31:03', '2018-01-29 08:31:03'),
(38, 'Illo saepe molestiae deleniti eum et qui.', '30', 15, '1', 'Cumque rem alias blanditiis ut aut. Non vero quidem in dicta qui. Veritatis asperiores sit officia occaecati praesentium quibusdam molestiae quo.', '1970-01-01', 1, '2018-01-29 08:31:03', '2018-01-29 08:31:03'),
(39, 'Corrupti voluptatem aliquid sit reiciendis sed est.', '200', 30, '1', 'Debitis eius sapiente omnis dignissimos. Molestiae voluptatibus quisquam quia rerum minima. Aut unde quia totam deserunt esse id blanditiis.', '1970-01-01', 1, '2018-01-29 08:31:03', '2018-01-29 08:31:03'),
(40, 'Esse iure soluta consequuntur nesciunt.', '100', 180, '1', 'Nostrum praesentium impedit explicabo quo similique qui distinctio. Ut omnis iure corporis nihil ut modi sint. Rerum ipsa incidunt praesentium enim incidunt delectus est. Nihil non nisi enim aut est.', '1970-01-01', 0, '2018-01-29 08:31:04', '2018-01-29 08:31:04'),
(41, 'Fugiat dolorem voluptate non.', '100', 60, '2', 'Qui ut molestiae sint impedit cumque numquam veritatis. Consectetur officiis eius tempora ducimus molestias magni voluptatibus. Aut qui consequuntur in quidem.', '1970-01-01', 1, '2018-01-29 08:31:04', '2018-01-29 08:31:04'),
(42, 'Odio est et pariatur quidem quae.', '60', 15, '2', 'Fuga enim ex autem. Expedita inventore repudiandae blanditiis quo. Aut deserunt veniam eius accusamus sed reprehenderit non. Blanditiis veritatis tenetur optio et.', '1970-01-01', 1, '2018-01-29 08:31:04', '2018-01-29 08:31:04'),
(43, 'Ullam sint deleniti quo ea magnam.', '150', 15, '2', 'Voluptas aut quo in possimus occaecati id. Eos asperiores ratione hic. Nesciunt sit reprehenderit amet id est animi.', '1970-01-01', 1, '2018-01-29 08:31:04', '2018-01-29 08:31:04'),
(44, 'Facere rerum aut provident.', '100', 60, '5', 'A commodi esse nostrum enim est. Sint modi harum ullam consequuntur autem.', '1970-01-01', 0, '2018-01-29 08:31:04', '2018-01-29 08:31:04'),
(45, 'Nesciunt voluptas accusantium quo aut voluptas qui atque.', '30', 180, '5', 'Perferendis necessitatibus ut atque minus perspiciatis. Numquam asperiores debitis est consequatur qui et non labore. Eius sapiente hic cumque aut. Aliquid nihil blanditiis iusto aliquam.', '1970-01-01', 0, '2018-01-29 08:31:04', '2018-01-29 08:31:04'),
(46, 'Temporibus quae voluptate molestias voluptas.', '60', 60, '5', 'Neque reprehenderit atque quasi vitae consequatur. Odio deserunt optio rerum saepe aut placeat. Veniam laboriosam eum qui laboriosam pariatur iure. Quia quis sapiente doloremque inventore vel.', '1970-01-01', 0, '2018-01-29 08:31:04', '2018-01-29 08:31:04'),
(47, 'Sed sint quia sint veritatis explicabo et voluptas accusamus.', '150', 10, '1', 'Iure maiores harum ab nobis consectetur explicabo mollitia. Neque cum repellendus consequatur est est. Aliquam ab amet temporibus molestiae.', '1970-01-01', 0, '2018-01-29 08:31:04', '2018-01-29 08:31:04'),
(48, 'Numquam voluptatem corporis est laborum quam explicabo eveniet quae.', '60', 60, '2', 'Ut exercitationem non rerum ducimus. Sed ratione culpa quasi non quia ad dolorem autem. Eius laudantium dignissimos et.', '1970-01-01', 0, '2018-01-29 08:31:04', '2018-01-29 08:31:04'),
(49, 'Ullam sed ipsa nihil vel atque atque assumenda cum.', '150', 30, '5', 'Saepe ut aliquam reiciendis voluptatem. Necessitatibus necessitatibus sit maiores suscipit aliquam odit quas. Illum quis autem rerum voluptatem et qui in.', '1970-01-01', 1, '2018-01-29 08:31:04', '2018-01-29 08:31:04'),
(50, 'Reprehenderit enim ea in vero.', '100', 60, '5', 'Eum vel laborum quo et. Accusantium molestiae et harum magni dolores voluptatem culpa at. Ab et voluptas earum qui ab.', '1970-01-01', 0, '2018-01-29 08:31:04', '2018-01-29 08:31:04'),
(51, 'Quod provident est praesentium et similique.', '60', 180, '2', 'Tempore adipisci dolorem enim. Velit voluptatum consequuntur distinctio amet. Aut quidem velit est nostrum ipsa minus.', '1970-01-01', 0, '2018-01-29 08:31:05', '2018-01-29 08:31:05'),
(52, 'Et reprehenderit modi facilis.', '100', 180, '1', 'Excepturi eos est odio earum ut alias voluptatem. Non magnam reiciendis fuga eum quae. Vero neque ut perspiciatis sed facere atque odio. Consequatur unde et non.', '1970-01-01', 1, '2018-01-29 08:31:05', '2018-01-29 08:31:05'),
(53, 'Et ut labore accusantium consequuntur.', '60', 15, '1', 'Nam earum debitis omnis atque sed. Voluptatem omnis consequatur occaecati sint commodi. Harum sed nihil consequatur adipisci nihil eum.', '1970-01-01', 0, '2018-01-29 08:31:05', '2018-01-29 08:31:05'),
(54, 'Ipsam laboriosam quia laudantium voluptas aspernatur deleniti.', '30', 180, '2', 'Consequatur et deleniti est autem. Quas rem repudiandae officiis. Dolore magni repellat et.', '1970-01-01', 0, '2018-01-29 08:31:05', '2018-01-29 08:31:05'),
(55, 'Vel eveniet perspiciatis distinctio voluptates omnis aut qui.', '30', 60, '5', 'Unde at itaque rerum repellendus voluptatibus excepturi. Maxime dicta reprehenderit ducimus maiores.', '1970-01-01', 0, '2018-01-29 08:31:05', '2018-01-29 08:31:05'),
(56, 'Aliquid porro voluptatem ea rerum at sit numquam.', '60', 30, '1', 'Aut qui voluptates quos ab. Quae ipsa similique aliquid deleniti nam officiis. Harum odit cumque voluptatem corrupti.', '1970-01-01', 0, '2018-01-29 08:31:05', '2018-01-29 08:31:05'),
(57, 'Dolores omnis unde repellat ea quo eaque quo.', '100', 15, '2', 'Et magni molestiae sint eum et aut. Ipsum molestias voluptates nobis eveniet asperiores voluptas aperiam. Repellat quia iure deserunt quidem. Qui voluptatibus qui dolorem doloribus quas unde assumenda.', '1970-01-01', 1, '2018-01-29 08:31:05', '2018-01-29 08:31:05'),
(58, 'Quis pariatur eum eius eaque sunt.', '30', 60, '2', 'Adipisci est porro aut neque. Et molestiae pariatur dolore consequatur. Expedita libero sint temporibus facilis consequatur quia.', '1970-01-01', 0, '2018-01-29 08:31:05', '2018-01-29 08:31:05'),
(59, 'Et quis ut id officia.', '100', 10, '5', 'Ullam et molestias id at consequuntur pariatur. Quia saepe et aut nulla beatae expedita. Animi iste et non nihil provident totam nesciunt. Asperiores sequi et itaque quia qui consectetur voluptatem quibusdam. Maiores aperiam sit aut eum magnam.', '1970-01-01', 0, '2018-01-29 08:31:05', '2018-01-29 08:31:05'),
(60, 'Accusantium et non architecto et.', '100', 10, '2', 'Ex dolores expedita eligendi sapiente aliquam delectus voluptas. Voluptas dignissimos labore deserunt tenetur et nulla. Sequi voluptatum cumque consequatur eaque est autem non ea. Et mollitia a doloremque non illum. Modi voluptas quia error sapiente.', '1970-01-01', 0, '2018-01-29 08:31:05', '2018-01-29 08:31:05'),
(61, 'Ut voluptas aliquid eum.', '30', 30, '5', 'Architecto harum et quidem est autem. Optio officia debitis non aliquid commodi aspernatur velit. Quas eius libero a quia autem consequatur quia necessitatibus.', '1970-01-01', 0, '2018-01-29 08:31:05', '2018-01-29 08:31:05'),
(62, 'At recusandae labore tempora repellendus impedit.', '60', 15, '1', 'Aut corporis illo ut voluptates. Ipsam dignissimos distinctio omnis repudiandae. Ea doloribus nemo aut non. Quis autem alias quis et velit placeat amet eligendi.', '1970-01-01', 1, '2018-01-29 08:31:05', '2018-01-29 08:31:05'),
(63, 'Ipsa cum facere velit non sit.', '30', 180, '2', 'Exercitationem est molestiae voluptas sequi facilis iusto optio est. Repellendus quae adipisci temporibus est id distinctio nihil. Ipsa laudantium dolorem repellat unde vitae cum aut. Est itaque modi atque et quas sapiente quis velit.', '1970-01-01', 0, '2018-01-29 08:31:05', '2018-01-29 08:31:05'),
(64, 'Provident eius in magnam aperiam sit.', '30', 15, '1', 'Accusantium voluptatem occaecati aperiam cupiditate velit neque tempora. Cum voluptate fuga et ipsa sit corporis a error. Hic dolorum adipisci veniam ut.', '1970-01-01', 1, '2018-01-29 08:31:05', '2018-01-29 08:31:05'),
(65, 'Eos aspernatur non voluptate maxime dolores dolorum.', '200', 10, '5', 'Ut et dolorum id. Omnis nihil eius eligendi adipisci maiores. Qui ipsum asperiores et eius laborum adipisci.', '1970-01-01', 1, '2018-01-29 08:31:05', '2018-01-29 08:31:05'),
(66, 'Incidunt et rerum consectetur fugit animi qui.', '30', 60, '2', 'Qui rem laborum totam totam. Ea quis recusandae illo est maxime. Est quaerat accusantium hic consequatur. Molestiae sint minima iusto aut sed ut eum. Accusantium et minus a.', '1970-01-01', 0, '2018-01-29 08:31:05', '2018-01-29 08:31:05'),
(67, 'Consequuntur ipsum quia sint rerum ea minus vitae reprehenderit.', '60', 180, '1', 'Illum consequatur ducimus quibusdam amet reprehenderit et magni. Eos unde quas tempora non modi suscipit aut autem. Enim soluta voluptas ducimus qui sit consequatur repellendus.', '1970-01-01', 0, '2018-01-29 08:31:06', '2018-01-29 08:31:06'),
(68, 'Et dicta autem qui.', '150', 15, '2', 'Qui cum necessitatibus et commodi ut in non. Alias nihil sed maxime et sequi delectus at.', '1970-01-01', 0, '2018-01-29 08:31:06', '2018-01-29 08:31:06'),
(69, 'Voluptatem architecto laborum vel natus itaque assumenda.', '150', 60, '5', 'In repellat reiciendis dicta adipisci tempora. Rerum et animi sint nesciunt.', '1970-01-01', 1, '2018-01-29 08:31:06', '2018-01-29 08:31:06'),
(70, 'Et voluptatem iste id aut est.', '150', 180, '2', 'Fugit ipsam itaque ut ut. Accusamus doloribus consequatur sunt dolorem. Et amet earum nobis ab temporibus perspiciatis quibusdam.', '1970-01-01', 0, '2018-01-29 08:31:06', '2018-01-29 08:31:06'),
(71, 'Illo consequatur temporibus omnis voluptatibus illo voluptatum sit.', '60', 180, '2', 'Similique amet minima qui eos. Similique sit animi odit numquam tempora ratione id sed. Est est et iste fuga quia magni. Ut et quos aliquam et.', '1970-01-01', 1, '2018-01-29 08:31:06', '2018-01-29 08:31:06'),
(72, 'Vitae voluptas quis ratione in quibusdam cupiditate quisquam.', '150', 15, '1', 'Excepturi quia quia iusto nihil voluptas at. Dignissimos molestiae sapiente est aperiam illo commodi et et. Voluptates aut nostrum sit enim nostrum. Ipsam veniam totam porro et qui. Exercitationem non veritatis reprehenderit.', '1970-01-01', 1, '2018-01-29 08:31:06', '2018-01-29 08:31:06'),
(73, 'Non qui dolore tenetur voluptas.', '60', 15, '5', 'Dolorum enim voluptatem voluptatibus odit. Necessitatibus ut quos minima. Ducimus sapiente et occaecati nam. Nihil possimus praesentium consequuntur distinctio quod voluptatem et.', '1970-01-01', 0, '2018-01-29 08:31:06', '2018-01-29 08:31:06'),
(74, 'Recusandae explicabo modi praesentium magni odit autem nam.', '30', 30, '2', 'Temporibus sit sunt quaerat dolores voluptas possimus dolores. Ipsum ut voluptas ipsam. Modi rem et hic aut ad est enim.', '1970-01-01', 0, '2018-01-29 08:31:06', '2018-01-29 08:31:06'),
(75, 'Voluptatum qui necessitatibus recusandae quaerat esse.', '200', 30, '2', 'At praesentium dolor aut eius. Totam odio saepe hic quia. Sint dolorum eum ut assumenda reiciendis.', '1970-01-01', 1, '2018-01-29 08:31:06', '2018-01-29 08:31:06'),
(76, 'Dolor placeat vel rerum quisquam.', '200', 180, '1', 'Hic explicabo error repellat dignissimos porro consequuntur veniam ipsam. Autem deleniti ut incidunt qui impedit nemo dicta. Velit ea sunt iusto dicta expedita optio nesciunt. Aut ad fugiat eveniet beatae.', '1970-01-01', 1, '2018-01-29 08:31:06', '2018-01-29 08:31:06'),
(77, 'Eum debitis odio quo nemo.', '60', 15, '2', 'Quo officia repellendus soluta molestiae sed nobis error doloremque. Reiciendis repellat nemo laborum non at et suscipit. Veritatis dolorum ut ratione aperiam provident. Beatae magni quo sed laborum et.', '1970-01-01', 1, '2018-01-29 08:31:06', '2018-01-29 08:31:06'),
(78, 'Sit quidem sed et quaerat illum voluptatum ex.', '100', 10, '5', 'Delectus voluptatem aut quis neque. Dicta temporibus laudantium magni ipsa.', '1970-01-01', 0, '2018-01-29 08:31:06', '2018-01-29 08:31:06'),
(79, 'Deleniti aut omnis doloribus animi ea autem asperiores enim.', '30', 15, '1', 'Totam molestiae consequatur eligendi veritatis velit veritatis tempore. Non eligendi sunt doloribus velit. Aut quis vero quo doloremque consequuntur mollitia et.', '1970-01-01', 1, '2018-01-29 08:31:06', '2018-01-29 08:31:06'),
(80, 'Ea sit veniam suscipit quidem maxime quidem.', '200', 180, '1', 'Hic omnis quidem amet. Porro ut fuga et et. Beatae illum omnis accusantium alias totam hic quae. Mollitia ducimus qui voluptas esse eaque nemo sit.', '1970-01-01', 1, '2018-01-29 08:31:06', '2018-01-29 08:31:06'),
(81, 'Iure dolor qui officiis.', '60', 30, '5', 'Aperiam repellendus nobis ab qui dolorem omnis fuga. Assumenda quia fugit et iste dolores explicabo corrupti. Velit molestiae amet quasi id est sit. Cum consequatur ut a.', '1970-01-01', 0, '2018-01-29 08:31:06', '2018-01-29 08:31:06'),
(82, 'Quo est nihil officia repellendus aut quisquam.', '60', 180, '5', 'Perspiciatis aliquid est qui numquam qui aut ut. Laudantium unde est ducimus officia. Saepe nesciunt aut placeat autem nobis nobis.', '1970-01-01', 1, '2018-01-29 08:31:06', '2018-01-29 08:31:06'),
(83, 'Quidem mollitia occaecati dignissimos vitae aspernatur.', '100', 60, '5', 'Autem quo autem eum aut at. Animi sunt dolorum neque. Dolore id maxime laudantium alias dicta.', '1970-01-01', 1, '2018-01-29 08:31:07', '2018-01-29 08:31:07'),
(84, 'Ipsum quo nam delectus ut sed minima dolores soluta.', '30', 15, '1', 'Magni ut iste suscipit sint repudiandae. Ut aut voluptatem voluptas saepe quibusdam ut inventore. Inventore facilis aspernatur et consectetur beatae.', '1970-01-01', 1, '2018-01-29 08:31:07', '2018-01-29 08:31:07'),
(85, 'Qui facere reprehenderit mollitia ut.', '30', 30, '5', 'Necessitatibus voluptatibus ullam adipisci omnis nisi perferendis. Voluptatum rerum ut accusantium occaecati quia dignissimos. Perferendis amet ut quisquam aut. Dolorem voluptas nihil fugiat exercitationem eum cupiditate.', '1970-01-01', 1, '2018-01-29 08:31:07', '2018-01-29 08:31:07'),
(86, 'Fuga vel eos quia est eligendi sed veniam.', '100', 60, '5', 'Omnis ea sequi quo. Ut voluptatum vel rerum recusandae ab maxime culpa. Rerum recusandae esse quasi odit aut qui perferendis autem.', '1970-01-01', 1, '2018-01-29 08:31:07', '2018-01-29 08:31:07'),
(87, 'Commodi non necessitatibus non sunt.', '150', 60, '5', 'Omnis ut est sed molestiae rerum quas et. Nesciunt saepe et velit. Qui nobis amet debitis rerum aspernatur dignissimos voluptatem. Labore omnis quam et cupiditate at sit nisi.', '1970-01-01', 0, '2018-01-29 08:31:07', '2018-01-29 08:31:07'),
(88, 'Sed facilis ducimus inventore quo molestias autem.', '30', 30, '1', 'Expedita quidem illo consequuntur culpa. Aperiam sint ad omnis aperiam quidem tempora. Quae eum possimus consectetur voluptas.', '1970-01-01', 0, '2018-01-29 08:31:07', '2018-01-29 08:31:07'),
(89, 'Quia ipsa tempore et ad laborum sunt autem ipsa.', '150', 180, '2', 'Dolorem aut nihil magnam esse. At qui qui perspiciatis. Libero incidunt sunt ut.', '1970-01-01', 1, '2018-01-29 08:31:07', '2018-01-29 08:31:07'),
(90, 'Impedit sapiente deserunt quo est omnis dolores.', '30', 180, '2', 'Et aut autem eum esse vel. Rerum nobis eum ducimus minus beatae voluptatum occaecati. Aut dignissimos vitae pariatur ut quo. Ut nisi rerum itaque dolorem possimus.', '1970-01-01', 0, '2018-01-29 08:31:07', '2018-01-29 08:31:07'),
(91, 'Sapiente fugit vero veniam dolor incidunt rem.', '30', 30, '1', 'Qui qui sequi nam unde quo suscipit. Voluptatem reprehenderit deserunt mollitia odit. Hic suscipit minus quisquam ea aut. Aut quis nihil iure officia quae optio nam.', '1970-01-01', 1, '2018-01-29 08:31:07', '2018-01-29 08:31:07'),
(92, 'Et quia numquam cum aut vero quos.', '30', 15, '2', 'Ipsa veritatis deserunt fugiat iste id rerum. Placeat et culpa consequatur maxime quo qui. Eveniet nihil nobis quidem repellendus quia eius. Ipsam blanditiis doloremque aut.', '1970-01-01', 0, '2018-01-29 08:31:08', '2018-01-29 08:31:08'),
(93, 'Aut rerum et aut sit vel.', '200', 180, '2', 'Repudiandae ut libero iste cupiditate eveniet vel. Iure molestias et ex. Aut cupiditate laboriosam dolor doloremque magni quis.', '1970-01-01', 0, '2018-01-29 08:31:08', '2018-01-29 08:31:08'),
(94, 'Adipisci in error sit explicabo ex alias rerum.', '150', 180, '2', 'Voluptatem amet quasi ipsum qui. Sed porro sed incidunt facilis numquam sequi.', '1970-01-01', 1, '2018-01-29 08:31:08', '2018-01-29 08:31:08'),
(95, 'Dolores laboriosam fugit atque vero aut consectetur consequuntur qui.', '60', 10, '5', 'Ea nemo neque incidunt. Animi ea mollitia iusto ullam excepturi facere. Voluptas ad fugit facilis laudantium veritatis quia qui.', '1970-01-01', 0, '2018-01-29 08:31:08', '2018-01-29 08:31:08'),
(96, 'Non impedit totam ut libero amet.', '200', 180, '1', 'Explicabo unde qui voluptas dolorem voluptas ut similique. Suscipit omnis doloribus voluptatem commodi ut dolor ea. Aperiam quis amet nihil repellat. Eos laudantium eaque et neque.', '1970-01-01', 0, '2018-01-29 08:31:08', '2018-01-29 08:31:08'),
(97, 'Rem quaerat quae recusandae necessitatibus cum voluptatem sint itaque.', '30', 15, '2', 'Laborum sunt quos sit. Sunt cumque sed suscipit blanditiis voluptas. Consequuntur quo est eaque alias.', '1970-01-01', 1, '2018-01-29 08:31:08', '2018-01-29 08:31:08'),
(98, 'Laborum dignissimos quidem placeat dolor dolorum nobis velit blanditiis.', '100', 10, '2', 'Officiis consequatur ipsam maiores odio eum aut et facilis. Praesentium error iste natus non quis voluptas dolor beatae. Modi itaque eos veniam ea dolores earum repudiandae.', '1970-01-01', 1, '2018-01-29 08:31:08', '2018-01-29 08:31:08'),
(99, 'Voluptatem neque consectetur esse enim quis minus.', '60', 180, '1', 'Quam pariatur voluptatem voluptates aut fugiat sit corrupti. Et vitae reprehenderit iste placeat doloribus earum. Quis assumenda sit asperiores alias aliquam distinctio. Voluptatem qui quisquam quidem qui dolorum repudiandae rem.', '1970-01-01', 0, '2018-01-29 08:31:08', '2018-01-29 08:31:08'),
(100, 'A et repellendus necessitatibus aut.', '200', 10, '2', 'Ipsum qui rerum ut voluptatem non consequatur sed. Illum sit aut ut repudiandae iste qui animi rerum. Ipsam quae est est porro ab non est. Quo qui occaecati vel maiores et omnis. Quia neque omnis sint accusantium explicabo voluptatem excepturi.', '1970-01-01', 0, '2018-01-29 08:31:08', '2018-01-29 08:31:08'),
(101, 'Et hic voluptatem ab iste explicabo eum.', '60', 30, '1', 'Nobis architecto culpa voluptatem et. Quis ipsam consequatur qui laudantium qui suscipit. Quisquam et et quaerat in explicabo quam nulla.', '1970-01-01', 0, '2018-01-29 08:31:08', '2018-01-29 08:31:08'),
(102, 'Non doloribus dicta nam ipsam voluptas sunt illum ex.', '150', 15, '5', 'Quia tenetur quam illo sequi vel ut velit. Quibusdam omnis consequatur nulla unde harum impedit. Molestiae non ut ex quibusdam odio alias quas.', '1970-01-01', 0, '2018-01-29 08:31:08', '2018-01-29 08:31:08'),
(103, 'Aliquam eveniet nisi qui vel non ullam.', '200', 15, '1', 'Delectus maxime ut harum dolorem laboriosam. Voluptatem eligendi veniam repellat debitis exercitationem fugiat culpa. Voluptatem iusto dolores iusto nihil necessitatibus praesentium.', '1970-01-01', 1, '2018-01-29 08:31:08', '2018-01-29 08:31:08'),
(104, 'Dolores voluptas repudiandae amet aliquam molestias consequatur.', '60', 60, '5', 'Est voluptates dolores corrupti. Magnam praesentium perspiciatis maxime. Explicabo sapiente sunt cupiditate. Sit earum est repellendus natus.', '1970-01-01', 0, '2018-01-29 08:31:08', '2018-01-29 08:31:08'),
(105, 'Ea vitae quibusdam maiores architecto temporibus ea.', '200', 180, '1', 'Alias quam provident distinctio ipsa velit in tenetur. Recusandae sit sit ratione doloremque neque laborum. Tempora quas consectetur dicta repellendus cupiditate eaque. Qui corporis et officia cum nihil provident ducimus.', '1970-01-01', 1, '2018-01-29 08:31:08', '2018-01-29 08:31:08'),
(106, 'Perferendis esse provident blanditiis consectetur quia repellendus eligendi.', '200', 180, '2', 'Odit distinctio sint et quae aut dolorem. Quasi sunt est possimus commodi asperiores modi. Culpa repudiandae aperiam magnam harum quis aliquam ut. Minus labore modi consequatur accusamus corporis saepe.', '1970-01-01', 1, '2018-01-29 08:31:08', '2018-01-29 08:31:08'),
(107, 'Minus illum repellat rem dolore omnis voluptate est distinctio.', '100', 180, '5', 'Cum alias non placeat explicabo veritatis. Animi animi omnis ea provident nobis.', '1970-01-01', 0, '2018-01-29 08:31:08', '2018-01-29 08:31:08'),
(108, 'Veritatis numquam commodi eos voluptatem ut animi.', '30', 180, '2', 'Esse quasi magnam et fugit nihil enim dolor. Blanditiis omnis quos cumque doloremque est aliquid aut. Rerum et aut consequatur sequi consequuntur officiis est illum. Dolor doloremque vel voluptatibus natus.', '1970-01-01', 1, '2018-01-29 08:31:09', '2018-01-29 08:31:09'),
(109, 'Ratione deleniti fugit facilis temporibus laudantium rem.', '30', 30, '5', 'Et repudiandae nesciunt incidunt dolor. Dolores tempora alias voluptatibus doloremque asperiores et est qui. Voluptas impedit cupiditate recusandae perspiciatis et. Vero possimus officia occaecati.', '1970-01-01', 0, '2018-01-29 08:31:09', '2018-01-29 08:31:09'),
(110, 'Deleniti eligendi reprehenderit libero vitae et est qui.', '100', 15, '2', 'Consequatur eos consequatur natus et aliquid voluptatem. Est earum repellat cupiditate voluptatem eveniet voluptatem. Amet consequatur consequatur placeat voluptate. Ratione facilis quia ut culpa sint enim ab.', '1970-01-01', 1, '2018-01-29 08:31:09', '2018-01-29 08:31:09'),
(111, 'Amet et labore magnam omnis.', '200', 30, '5', 'In voluptatibus et exercitationem consequatur. Aliquid aliquid qui sit dolor odio corporis aliquid. Cum minus iure repellat.', '1970-01-01', 0, '2018-01-29 08:31:09', '2018-01-29 08:31:09'),
(112, 'Suscipit explicabo voluptas non sunt sint.', '100', 30, '1', 'Reiciendis ex nisi vitae quia quas aut id. Voluptas mollitia ut quia. Magni aliquid iste sint totam. Et id saepe consectetur aliquid ad repudiandae.', '1970-01-01', 1, '2018-01-29 08:31:09', '2018-01-29 08:31:09'),
(113, 'Itaque ipsa voluptatem neque.', '30', 15, '2', 'Eos modi ipsum quis voluptatem. Consequuntur aut numquam veniam at. Eos voluptatem dolorem corrupti.', '1970-01-01', 0, '2018-01-29 08:31:09', '2018-01-29 08:31:09'),
(114, 'Ipsa perferendis inventore sed ipsa aut nesciunt suscipit.', '100', 10, '5', 'Voluptas labore laborum eligendi autem aut. Blanditiis in sed tempora natus expedita sunt. Rerum et voluptas qui distinctio in nemo consequatur. Quam occaecati sunt esse ipsa.', '1970-01-01', 1, '2018-01-29 08:31:09', '2018-01-29 08:31:09'),
(115, 'Porro tenetur cumque eum dolores cum qui unde laborum.', '100', 30, '2', 'Vero hic eaque expedita amet dolores neque harum. Illo quibusdam sapiente asperiores ratione. Quia quod possimus aut voluptatum quia reprehenderit. Iste sint quae eius molestias neque deserunt corporis molestiae. Sit ut in maiores hic repellendus nobis expedita.', '1970-01-01', 0, '2018-01-29 08:31:09', '2018-01-29 08:31:09'),
(116, 'Animi et quia ducimus.', '150', 60, '2', 'Hic temporibus sed asperiores explicabo quam similique. Voluptatum molestias accusamus autem optio harum reprehenderit. Velit hic ut repudiandae quidem fuga voluptate. Aut occaecati deleniti omnis sed incidunt dolores assumenda.', '1970-01-01', 0, '2018-01-29 08:31:09', '2018-01-29 08:31:09'),
(117, 'Expedita sit minima architecto qui.', '60', 60, '2', 'Dolores repudiandae dicta dicta nam quia iusto. Aut velit veritatis accusamus nostrum. Voluptatem necessitatibus corporis sit est saepe quas inventore. Quam omnis praesentium temporibus temporibus.', '1970-01-01', 0, '2018-01-29 08:31:09', '2018-01-29 08:31:09'),
(118, 'Qui voluptatem ut quia est aut perspiciatis deserunt velit.', '100', 10, '2', 'Dolores earum sed laboriosam libero ipsa. Atque praesentium veritatis voluptas similique. Ut ullam inventore natus suscipit iusto voluptatem. Dicta suscipit et qui quis aspernatur odit omnis.', '1970-01-01', 0, '2018-01-29 08:31:09', '2018-01-29 08:31:09'),
(119, 'Non quos facilis molestias.', '60', 30, '1', 'Laboriosam sed sed odio animi. Quis ad officia quasi inventore aut consequuntur qui in. Vitae dolorem praesentium voluptatem unde repudiandae eveniet dolor voluptatem.', '1970-01-01', 0, '2018-01-29 08:31:09', '2018-01-29 08:31:09'),
(120, 'Illum et sed necessitatibus rerum et et velit qui.', '60', 15, '1', 'Blanditiis cupiditate consectetur consequatur vero. Laboriosam sunt nihil asperiores voluptatum. Quo illo repellat consequuntur atque illum minus officiis. Reprehenderit architecto ab nobis quia.', '1970-01-01', 1, '2018-01-29 08:31:09', '2018-01-29 08:31:09'),
(121, 'Ab facere voluptatem qui nulla.', '200', 10, '5', 'Est voluptates consequatur esse ad amet sint. Voluptates a consequatur alias aut voluptates. Quia magni dicta reprehenderit vel amet sed voluptatem.', '1970-01-01', 0, '2018-01-29 08:31:09', '2018-01-29 08:31:09'),
(122, 'Nam ut sed eligendi aut minus consequatur dicta.', '200', 30, '5', 'Quidem quos quam qui voluptas impedit sed. Minus repellendus reiciendis tempore asperiores. Non voluptatem earum iure eum inventore qui sit. Recusandae saepe in illum aliquid eum.', '1970-01-01', 0, '2018-01-29 08:31:09', '2018-01-29 08:31:09'),
(123, 'Doloribus dolorem nulla ea ducimus aliquam est.', '30', 10, '5', 'Aut sed nemo atque error quis quam. Et iusto inventore quo dolorum pariatur.', '1970-01-01', 1, '2018-01-29 08:31:09', '2018-01-29 08:31:09'),
(124, 'Aut quia suscipit qui et qui.', '150', 15, '5', 'Eum eveniet dignissimos earum quaerat. Debitis illum autem et sapiente enim possimus molestiae. Dignissimos at et nihil non facilis maiores. Fugiat voluptatem nemo voluptas sunt necessitatibus.', '1970-01-01', 1, '2018-01-29 08:31:10', '2018-01-29 08:31:10'),
(125, 'Blanditiis consequuntur inventore voluptatibus.', '150', 15, '1', 'Accusantium laboriosam voluptatem assumenda veritatis. Quia temporibus sit nihil odio maxime tempora repellat. Dolores corporis tempore impedit rerum deleniti at. A totam quibusdam dolores impedit.', '1970-01-01', 0, '2018-01-29 08:31:10', '2018-01-29 08:31:10'),
(126, 'Sunt excepturi blanditiis est.', '150', 180, '1', 'Non voluptatum possimus recusandae qui. Possimus qui ut beatae. Sunt et architecto unde laboriosam quo id officia.', '1970-01-01', 1, '2018-01-29 08:31:10', '2018-01-29 08:31:10'),
(127, 'Dolor magni aut quis aut.', '150', 10, '1', 'Impedit debitis maiores et pariatur beatae quibusdam dolor. Voluptates culpa omnis vitae voluptatem. Corrupti ut consequatur quia deleniti. Qui quibusdam aut nobis blanditiis qui ipsam delectus.', '1970-01-01', 1, '2018-01-29 08:31:10', '2018-01-29 08:31:10'),
(128, 'Recusandae dolores qui amet iusto.', '200', 180, '5', 'Consequatur dolor explicabo cum quia qui aspernatur atque. Consequatur beatae ab amet asperiores quas et. Nihil optio rerum quia illo qui officia. Tenetur facilis excepturi alias architecto hic fuga occaecati dolorem. Ipsum aut molestias doloremque ut maxime ipsum optio.', '1970-01-01', 1, '2018-01-29 08:31:10', '2018-01-29 08:31:10'),
(129, 'Magnam et id eos illo ipsum doloribus sequi.', '200', 60, '2', 'Enim quo exercitationem esse recusandae at fugit. Sint molestias eum nobis officia mollitia. Est consequuntur similique qui commodi. Quidem consequuntur debitis fuga amet.', '1970-01-01', 0, '2018-01-29 08:31:10', '2018-01-29 08:31:10'),
(130, 'Quis illum rerum ut aut praesentium rem voluptas.', '60', 15, '2', 'Quia laborum ut quia et consectetur id ut. Exercitationem adipisci error esse consequuntur eos quibusdam. Adipisci cumque facere eum.', '1970-01-01', 0, '2018-01-29 08:31:10', '2018-01-29 08:31:10'),
(131, 'Nihil exercitationem ea debitis quo accusamus vitae qui sed.', '150', 180, '5', 'Optio voluptates vitae et aut. Necessitatibus est harum accusamus atque. Delectus sit alias nemo nostrum.', '1970-01-01', 1, '2018-01-29 08:31:10', '2018-01-29 08:31:10'),
(132, 'Temporibus deleniti molestiae et numquam sunt ratione.', '30', 30, '1', 'Ex possimus dolorum et sed et. Dolorem odit id voluptatem mollitia esse mollitia. Consequatur qui earum magnam consequatur qui quam exercitationem.', '1970-01-01', 1, '2018-01-29 08:31:10', '2018-01-29 08:31:10'),
(133, 'Incidunt dolorum aut ullam.', '100', 10, '5', 'Error quia molestias molestiae. Harum qui qui ea iusto deserunt necessitatibus. Nulla qui quis quia quam nihil. Est numquam alias amet dolorum amet et aut sed.', '1970-01-01', 0, '2018-01-29 08:31:10', '2018-01-29 08:31:10'),
(134, 'Qui quam tempora labore labore.', '30', 60, '5', 'Saepe est enim optio quia vel itaque eveniet. Ut consequuntur alias odit tempore consequatur qui. Esse ut consequuntur natus non et nisi. Quos asperiores expedita in alias. Quis eos dolorum quibusdam ea.', '1970-01-01', 1, '2018-01-29 08:31:10', '2018-01-29 08:31:10'),
(135, 'Totam qui et et itaque et.', '30', 180, '1', 'Cum quibusdam eius esse porro id illum maiores. Voluptatem dolorem eum sapiente iusto voluptates reiciendis.', '1970-01-01', 1, '2018-01-29 08:31:10', '2018-01-29 08:31:10'),
(136, 'Est perspiciatis aperiam quia aut autem.', '30', 10, '1', 'Et eos quo magnam quam et ab. Quae quibusdam quod eum eum in qui recusandae. Dolorum provident provident libero nulla quia rerum. Qui sit qui dolores.', '1970-01-01', 0, '2018-01-29 08:31:10', '2018-01-29 08:31:10'),
(137, 'Ipsum harum officia totam consequatur deleniti.', '150', 10, '1', 'Numquam est non culpa est non. Sit ut ut praesentium quis assumenda enim. Quis dolores delectus consequatur magni. Architecto explicabo provident voluptatem accusamus.', '1970-01-01', 0, '2018-01-29 08:31:11', '2018-01-29 08:31:11'),
(138, 'Dolorum explicabo quia veniam omnis.', '100', 15, '1', 'Nisi magnam sapiente laborum odit. Quia nobis in reiciendis. Laborum expedita tempore quidem harum voluptates qui omnis. Dolorem animi est minima quia facere aut neque eum.', '1970-01-01', 0, '2018-01-29 08:31:11', '2018-01-29 08:31:11'),
(139, 'Dolor quod quos optio aut commodi dicta.', '30', 60, '2', 'Velit est temporibus voluptas. Eaque neque non ullam ipsum non adipisci et. Eum aut distinctio iure quas facere consectetur. At voluptatibus quas aperiam accusantium impedit esse velit ut.', '1970-01-01', 0, '2018-01-29 08:31:11', '2018-01-29 08:31:11'),
(140, 'Similique et iusto sed autem rerum aut.', '30', 180, '5', 'Magnam nostrum dolore modi in soluta. Debitis aperiam dolor repellendus blanditiis aut animi suscipit. Repudiandae reiciendis eum eius similique nulla nisi culpa. Modi et rem numquam porro pariatur sunt similique aut.', '1970-01-01', 0, '2018-01-29 08:31:11', '2018-01-29 08:31:11'),
(141, 'Sunt sunt voluptatem ut voluptatem in cumque.', '60', 10, '2', 'Accusamus quia necessitatibus eos corrupti. Voluptatem omnis earum harum ullam esse tempore.', '1970-01-01', 1, '2018-01-29 08:31:11', '2018-01-29 08:31:11'),
(142, 'Voluptatem fugit expedita assumenda non praesentium odio.', '200', 180, '5', 'Aut error ea quia autem quaerat. Voluptates perferendis nam commodi a ut soluta. Et iure similique veniam facilis fugiat.', '1970-01-01', 0, '2018-01-29 08:31:11', '2018-01-29 08:31:11'),
(143, 'Itaque exercitationem eius modi ullam tempore qui.', '30', 180, '5', 'Ipsa non nisi numquam est odit. Est modi voluptas optio nemo quis labore. Voluptas sapiente aut nobis qui quaerat.', '1970-01-01', 0, '2018-01-29 08:31:11', '2018-01-29 08:31:11'),
(144, 'Voluptatem voluptatem perferendis molestias occaecati possimus ab id.', '60', 180, '1', 'Qui voluptatem ex libero ut esse. Molestiae voluptatibus vitae incidunt error cum excepturi. Est eligendi deleniti quas. Quaerat labore aperiam aut dolorum dolores nulla officiis.', '1970-01-01', 0, '2018-01-29 08:31:11', '2018-01-29 08:31:11'),
(145, 'Dolorum eos aut quia repudiandae facere qui explicabo.', '150', 30, '1', 'Aut neque sed et dolores. Veritatis rerum officia labore voluptatum cum optio. Voluptatem quae voluptas provident recusandae maiores accusantium.', '1970-01-01', 0, '2018-01-29 08:31:11', '2018-01-29 08:31:11'),
(146, 'Et aut magni adipisci quo deleniti.', '150', 15, '1', 'Expedita aut veritatis aliquid odit quia facere. Reiciendis non eum voluptates. Vero esse repellendus alias et ut.', '1970-01-01', 1, '2018-01-29 08:31:11', '2018-01-29 08:31:11'),
(147, 'Aut excepturi eveniet nostrum ea.', '200', 10, '1', 'Molestias eos dolorum vero facilis quis. Nihil doloribus praesentium nihil veniam id. Enim aliquid itaque voluptate rerum.', '1970-01-01', 0, '2018-01-29 08:31:11', '2018-01-29 08:31:11'),
(148, 'Et pariatur voluptas quae.', '60', 15, '5', 'Atque quia distinctio ad ad blanditiis veritatis. Eligendi quis error quas eius expedita. Officiis sunt ratione aut voluptatem et. Quia est culpa molestiae aut quas accusamus.', '1970-01-01', 1, '2018-01-29 08:31:11', '2018-01-29 08:31:11'),
(149, 'Quae id ea ut vero iste.', '60', 15, '2', 'Quo consequatur totam beatae ab facilis saepe a rem. Blanditiis consequuntur dolor maiores. Quia nemo repudiandae quaerat hic distinctio.', '1970-01-01', 1, '2018-01-29 08:31:11', '2018-01-29 08:31:11'),
(150, 'Quis quo qui eos quae.', '30', 10, '5', 'Sit qui sint et dolorem adipisci in dolores. Dicta enim voluptates quia. Reprehenderit quis eos inventore repudiandae. Ex tempore sed sunt rerum quidem.', '1970-01-01', 0, '2018-01-29 08:31:11', '2018-01-29 08:31:11'),
(151, 'Nemo placeat aut unde nostrum.', '200', 180, '1', 'Eum voluptates possimus reiciendis suscipit voluptate a. Maiores est dolor impedit et mollitia necessitatibus alias. Necessitatibus consequatur natus dolorem.', '1970-01-01', 1, '2018-01-29 08:31:11', '2018-01-29 08:31:11'),
(152, 'Qui et odio iusto.', '150', 30, '1', 'Adipisci rerum et sunt eos amet. Eum corrupti illum eos accusantium recusandae numquam et necessitatibus. Dolorem qui adipisci quaerat ut sint odio. Eos voluptatum reiciendis esse quia.', '1970-01-01', 1, '2018-01-29 08:31:11', '2018-01-29 08:31:11'),
(153, 'Rem aut deleniti quisquam voluptas temporibus ullam.', '150', 15, '5', 'Et reprehenderit facilis enim accusantium accusamus. Assumenda est id totam temporibus tempore sit et. Facere et suscipit dignissimos cupiditate. Voluptatem ullam est qui ducimus numquam excepturi.', '1970-01-01', 1, '2018-01-29 08:31:12', '2018-01-29 08:31:12'),
(154, 'Natus labore minima quis qui et ut.', '100', 15, '2', 'Inventore ad voluptas sed qui. Illo vitae in vitae. Eveniet architecto sit velit vel culpa quis.', '1970-01-01', 1, '2018-01-29 08:31:12', '2018-01-29 08:31:12'),
(155, 'Excepturi eos exercitationem voluptas eos est natus quisquam.', '60', 30, '5', 'Aut dolores dolorem id nostrum. Ut aut culpa dolor unde laborum enim et error. Atque illo quo nam et. Non non impedit eligendi reiciendis quaerat qui dolores.', '1970-01-01', 0, '2018-01-29 08:31:12', '2018-01-29 08:31:12'),
(156, 'Optio sapiente dolorem eaque eos perspiciatis fuga sunt.', '200', 180, '5', 'Alias sint voluptas consequatur nisi esse. Sequi qui est consequatur sed vel porro.', '1970-01-01', 1, '2018-01-29 08:31:12', '2018-01-29 08:31:12'),
(157, 'Est ratione id vel voluptates rem.', '200', 180, '2', 'Sint aliquam distinctio eum ducimus quas reprehenderit eos. Ut aut sit sed. Et libero nostrum sint reprehenderit quidem aut.', '1970-01-01', 1, '2018-01-29 08:31:12', '2018-01-29 08:31:12'),
(158, 'Numquam et id quis architecto ab voluptatem.', '100', 10, '2', 'Ipsam nihil cum aperiam ipsa. Est atque aliquam nisi optio et dolores ut soluta.', '1970-01-01', 1, '2018-01-29 08:31:12', '2018-01-29 08:31:12'),
(159, 'Ea eos est voluptatem.', '200', 60, '1', 'Sed debitis est ipsam ut animi. Culpa eaque maxime non velit non. Quia iusto minima inventore deleniti alias aut libero. Non dolores error est distinctio quas.', '1970-01-01', 0, '2018-01-29 08:31:12', '2018-01-29 08:31:12'),
(160, 'Voluptas nisi commodi eligendi quo et non ipsa.', '200', 15, '5', 'Molestias quia ipsam et aut id eos iure recusandae. Id placeat sequi est ad numquam rem. Consequuntur repellendus vel ut magnam eos. Voluptatum quo porro ut totam doloribus repellendus similique.', '1970-01-01', 0, '2018-01-29 08:31:12', '2018-01-29 08:31:12'),
(161, 'Est nisi et sapiente ut numquam delectus deserunt.', '200', 60, '5', 'Maxime modi quae dolores sed. Et velit consequatur eveniet consectetur. Qui nesciunt ad ullam unde optio. Laudantium omnis veniam iure aliquam possimus iste sed.', '1970-01-01', 1, '2018-01-29 08:31:12', '2018-01-29 08:31:12'),
(162, 'Modi atque molestias iure voluptatem dolorem quam neque mollitia.', '60', 180, '2', 'Nemo ducimus harum aut repudiandae nostrum occaecati. In saepe esse earum laborum sequi quam aperiam. Inventore alias dolorum magni. Possimus deserunt sunt et voluptatem.', '1970-01-01', 1, '2018-01-29 08:31:12', '2018-01-29 08:31:12'),
(163, 'Omnis fugit nobis qui vitae.', '100', 60, '2', 'Velit facilis et repudiandae illum deserunt voluptatem et. Optio nihil placeat autem.', '1970-01-01', 0, '2018-01-29 08:31:12', '2018-01-29 08:31:12'),
(164, 'Magnam in dolorem molestias labore sequi.', '30', 10, '2', 'Veniam illum rerum esse vel. Id alias maiores mollitia. Qui nisi ut fuga sunt sint accusantium.', '1970-01-01', 0, '2018-01-29 08:31:12', '2018-01-29 08:31:12'),
(165, 'Officia odit est minus consequatur.', '100', 60, '5', 'Similique vel ex error ut voluptas. Et eveniet excepturi possimus nobis debitis quibusdam omnis omnis. Aut similique voluptatem laboriosam quis sed dolore.', '1970-01-01', 0, '2018-01-29 08:31:13', '2018-01-29 08:31:13'),
(166, 'Repellendus eius ut nulla adipisci.', '30', 180, '5', 'Nemo quasi deserunt tempora ea et beatae. Esse illum et eos. Sint nisi qui ea voluptatem dolore. Ut esse excepturi optio. Sunt nostrum ex similique sunt eos repudiandae.', '1970-01-01', 1, '2018-01-29 08:31:13', '2018-01-29 08:31:13'),
(167, 'Et non praesentium asperiores suscipit inventore.', '100', 15, '2', 'Rerum temporibus quia ea id. Et iste velit praesentium vel. Aut et veritatis laboriosam vel commodi qui error debitis.', '1970-01-01', 1, '2018-01-29 08:31:13', '2018-01-29 08:31:13'),
(168, 'Consectetur accusantium illo quisquam ducimus possimus et dolorem.', '200', 180, '5', 'Id quidem eum ut dicta in aut. Ut dolor atque in harum commodi. Autem vero voluptas magnam fuga. Est vel dolor non esse minima quo atque.', '1970-01-01', 1, '2018-01-29 08:31:13', '2018-01-29 08:31:13'),
(169, 'Voluptatem aperiam tempora minus.', '100', 180, '5', 'Nesciunt quia sapiente voluptatem vel tempora. Quo enim perferendis voluptas. Voluptas numquam rerum dolores et sint.', '1970-01-01', 0, '2018-01-29 08:31:13', '2018-01-29 08:31:13'),
(170, 'Doloremque dolor sunt reprehenderit quos.', '100', 60, '5', 'Placeat dolor numquam beatae assumenda vero voluptatem officiis. Dolorum similique autem laboriosam consequuntur aut repellat. Sed architecto earum culpa deleniti ut.', '1970-01-01', 0, '2018-01-29 08:31:13', '2018-01-29 08:31:13'),
(171, 'Ut earum repudiandae vero vero error aliquam.', '100', 60, '1', 'Consequuntur magnam hic iusto earum. Ut autem ad qui nobis sit eum modi. Animi voluptatem deserunt corrupti aliquam libero. Qui consequatur est ut repudiandae delectus et.', '1970-01-01', 0, '2018-01-29 08:31:13', '2018-01-29 08:31:13'),
(172, 'Velit quia officia maiores nobis itaque.', '60', 30, '5', 'Quod animi totam amet id voluptatem nobis repellendus. Tempora aut expedita est maxime. Tempore expedita saepe et et.', '1970-01-01', 0, '2018-01-29 08:31:13', '2018-01-29 08:31:13');
INSERT INTO `tests` (`id`, `test_title`, `test_marks`, `test_time`, `test_negative_marks`, `test_note`, `expiry_date`, `status`, `created_at`, `updated_at`) VALUES
(173, 'Incidunt aliquam veniam nobis qui.', '30', 180, '5', 'Dolor aut quia quo facere minus molestias. Eum quas laboriosam perferendis vitae non quos tenetur. Accusantium tenetur nulla reprehenderit corporis minus veritatis.', '1970-01-01', 1, '2018-01-29 08:31:13', '2018-01-29 08:31:13'),
(174, 'Sint itaque quia omnis ut voluptatum.', '150', 15, '1', 'Et facere veniam occaecati vitae deleniti. Cum et eaque qui possimus. Aut assumenda soluta quisquam.', '1970-01-01', 1, '2018-01-29 08:31:13', '2018-01-29 08:31:13'),
(175, 'Et officia sed eum.', '200', 10, '2', 'Voluptas voluptatem autem sint molestias et debitis. Possimus ut consectetur doloribus aliquam qui ea vero. Et reprehenderit pariatur ut. Quibusdam vitae dolor quia dicta.', '1970-01-01', 1, '2018-01-29 08:31:13', '2018-01-29 08:31:13'),
(176, 'Nesciunt enim laudantium fugiat id.', '30', 180, '5', 'Nisi accusantium repudiandae et mollitia et tempora. Quia reprehenderit sit debitis molestiae error quisquam eum unde. Quia voluptates iure laborum sint dicta dicta. Eveniet vel autem cupiditate id non.', '1970-01-01', 0, '2018-01-29 08:31:13', '2018-01-29 08:31:13'),
(177, 'Maxime qui ut eius provident eos repellat.', '100', 60, '1', 'Quia dolor animi fugiat commodi. Aliquam voluptates omnis sed voluptatem nihil. Aut cum eius recusandae architecto eaque sed voluptatem.', '1970-01-01', 0, '2018-01-29 08:31:13', '2018-01-29 08:31:13'),
(178, 'Iste at repudiandae aut consequatur aliquid.', '150', 10, '5', 'Illo eligendi totam eligendi in sint qui. Autem quasi et molestias atque laudantium reprehenderit accusamus. Aspernatur qui inventore distinctio nostrum eum quo. Unde est et aliquam voluptate ratione eaque.', '1970-01-01', 1, '2018-01-29 08:31:13', '2018-01-29 08:31:13'),
(179, 'Molestiae quisquam et et tempore.', '200', 180, '2', 'Corrupti tenetur voluptas qui nihil dolorem velit est. Id corrupti tempore et sint dolore dolorum.', '1970-01-01', 1, '2018-01-29 08:31:13', '2018-01-29 08:31:13'),
(180, 'Perspiciatis rem voluptatem deleniti soluta magni accusantium.', '200', 10, '5', 'Aperiam laborum id aut aut ea hic. Vel optio deserunt excepturi sit voluptatem quas totam. Consectetur omnis et est qui occaecati ut.', '1970-01-01', 0, '2018-01-29 08:31:13', '2018-01-29 08:31:13'),
(181, 'Mollitia rerum nemo blanditiis culpa sit ut.', '60', 10, '2', 'Sit enim aliquid possimus ex suscipit in. Provident dicta provident id qui tempora.', '1970-01-01', 0, '2018-01-29 08:31:13', '2018-01-29 08:31:13'),
(182, 'Illo laudantium optio tempora omnis quibusdam sit.', '60', 10, '2', 'Aut aut distinctio asperiores sit voluptatem. Ea ut quibusdam consequatur quo rerum veniam maiores. Aperiam enim consequatur modi animi. Vel nam sed repudiandae vel quis sed.', '1970-01-01', 1, '2018-01-29 08:31:14', '2018-01-29 08:31:14'),
(183, 'Illum delectus et quibusdam totam repellendus.', '200', 30, '1', 'Repudiandae velit quod autem nulla qui id beatae. Quo vel et laboriosam nobis quibusdam. Incidunt qui tempore dolorem omnis dicta. Atque rem qui magnam blanditiis animi.', '1970-01-01', 1, '2018-01-29 08:31:14', '2018-01-29 08:31:14'),
(184, 'Et ad consequatur ut voluptatem sunt laboriosam tenetur facilis.', '60', 30, '2', 'Quis eius expedita pariatur labore modi id. Sit dolores vitae qui ad necessitatibus nesciunt.', '1970-01-01', 1, '2018-01-29 08:31:14', '2018-01-29 08:31:14'),
(185, 'Accusantium neque eos perferendis quaerat.', '30', 15, '5', 'Beatae ducimus sit enim doloremque. Fugit hic quos nobis dolores fugiat sunt. Hic rerum et architecto et odio maxime. Vero voluptatem veritatis est provident pariatur.', '1970-01-01', 1, '2018-01-29 08:31:14', '2018-01-29 08:31:14'),
(186, 'Asperiores dolores rerum doloremque alias rem sint.', '30', 180, '1', 'Dolores labore quidem illo quibusdam expedita rerum voluptatem quae. Quia animi quo consequatur illo ducimus recusandae. Repellendus quaerat repellendus non nihil sunt aliquid enim.', '1970-01-01', 0, '2018-01-29 08:31:14', '2018-01-29 08:31:14'),
(187, 'Dicta ea voluptatem dolor aut ad.', '30', 60, '1', 'Dolor dolore facere quisquam voluptates cupiditate delectus ut. Beatae dolor impedit error reiciendis architecto architecto est. Amet incidunt molestias autem sed non.', '1970-01-01', 0, '2018-01-29 08:31:14', '2018-01-29 08:31:14'),
(188, 'Qui est id dignissimos est dolor pariatur in aspernatur.', '200', 180, '5', 'Adipisci facere explicabo facere beatae sit sed dolorum. At quo corporis enim. Consequuntur consectetur doloribus soluta optio iste.', '1970-01-01', 1, '2018-01-29 08:31:14', '2018-01-29 08:31:14'),
(189, 'Qui nostrum reiciendis suscipit autem numquam delectus dignissimos.', '200', 15, '2', 'Voluptatem tempora fuga sit. Ut autem voluptatem quasi earum.', '1970-01-01', 1, '2018-01-29 08:31:14', '2018-01-29 08:31:14'),
(190, 'Vel unde quia voluptatibus maxime autem quae enim.', '100', 60, '5', 'Dolorem incidunt voluptas non a. Cupiditate eligendi similique est consequatur non. Aspernatur ut porro nostrum magnam.', '1970-01-01', 0, '2018-01-29 08:31:14', '2018-01-29 08:31:14'),
(191, 'Aut ratione exercitationem aliquid facere harum non.', '150', 10, '5', 'Magni et perspiciatis nobis. Modi quis veritatis quod architecto. Natus quia ex maiores iure neque cum. Odit veritatis et sed quidem doloremque.', '1970-01-01', 1, '2018-01-29 08:31:14', '2018-01-29 08:31:14'),
(192, 'Sed laudantium quisquam fugit similique.', '150', 10, '5', 'Id totam sint temporibus modi corporis tenetur. Vel ullam eligendi quisquam at molestiae cum. Dolores labore ullam nobis. Voluptatem nulla laborum nisi quia quasi molestiae aut.', '1970-01-01', 1, '2018-01-29 08:31:14', '2018-01-29 08:31:14'),
(193, 'Ea quidem recusandae est quam quae quia fugiat magnam.', '60', 180, '5', 'Id vitae inventore minus. Aut soluta nobis illo aspernatur sint facilis facere. Iste et in blanditiis accusamus cum.', '1970-01-01', 0, '2018-01-29 08:31:14', '2018-01-29 08:31:14'),
(194, 'Nam atque facere maiores veniam id aut.', '200', 30, '1', 'Fuga a molestias eaque dicta quibusdam qui. Et aut eum debitis et ea magni.', '1970-01-01', 0, '2018-01-29 08:31:14', '2018-01-29 08:31:14'),
(195, 'Dolorum facere et est est omnis facilis.', '200', 10, '1', 'Ipsum quo dolores voluptatem provident. Reprehenderit at commodi dicta voluptas explicabo exercitationem architecto. Tempore tempora ut ex.', '1970-01-01', 1, '2018-01-29 08:31:14', '2018-01-29 08:31:14'),
(196, 'Excepturi omnis qui sit eveniet placeat.', '30', 180, '1', 'Dicta error perferendis ut sed voluptas neque omnis. Ex velit neque ut facere reiciendis. Pariatur et quibusdam et fugiat nihil debitis. Sit ut accusantium nam ducimus fugit. Beatae provident ut aut voluptatibus est et.', '1970-01-01', 0, '2018-01-29 08:31:14', '2018-01-29 08:31:14'),
(197, 'Eum qui in est ratione mollitia laudantium.', '200', 60, '2', 'Nemo qui eius est dolorem rerum nihil. Quo quo voluptas accusamus.', '1970-01-01', 1, '2018-01-29 08:31:15', '2018-01-29 08:31:15'),
(198, 'Quaerat aliquid saepe ea veniam est.', '30', 60, '2', 'Totam omnis et optio ratione. Debitis tempore minima numquam iusto itaque eveniet corporis voluptatibus. Voluptatem dolor cumque quia itaque in. Quaerat atque quo cupiditate et ad.', '1970-01-01', 1, '2018-01-29 08:31:15', '2018-01-29 08:31:15'),
(199, 'Commodi soluta mollitia aliquid vel minima necessitatibus.', '150', 60, '2', 'Quas quasi sint fugit placeat omnis rerum quia. Laborum modi voluptatem rerum ab dolore quaerat. Laudantium animi et laborum et. Distinctio ullam et ut qui voluptates iste nesciunt.', '1970-01-01', 1, '2018-01-29 08:31:15', '2018-01-29 08:31:15'),
(200, 'Non nisi velit sit itaque.', '30', 10, '2', 'Tempore cumque accusantium deleniti sunt inventore. Et aut et iure nihil optio est. Ut eum et et libero. Quis sapiente quasi necessitatibus dolores.', '1970-01-01', 0, '2018-01-29 08:31:15', '2018-01-29 08:31:15');

-- --------------------------------------------------------

--
-- Table structure for table `test_for_tests`
--

CREATE TABLE `test_for_tests` (
  `id` int(10) UNSIGNED NOT NULL,
  `test_id` int(11) NOT NULL,
  `attach_test` int(11) NOT NULL
) ENGINE=MyISAM DEFAULT CHARSET=utf8mb4 COLLATE=utf8mb4_unicode_ci;

--
-- Dumping data for table `test_for_tests`
--

INSERT INTO `test_for_tests` (`id`, `test_id`, `attach_test`) VALUES
(1, 112, 1),
(2, 84, 2),
(3, 36, 3),
(4, 14, 4),
(5, 88, 5),
(6, 126, 6),
(7, 86, 7),
(8, 115, 8),
(9, 84, 9),
(10, 68, 10),
(11, 50, 11),
(12, 69, 12),
(13, 184, 13),
(14, 60, 14),
(15, 151, 15),
(16, 59, 16),
(17, 76, 17),
(18, 100, 18),
(19, 135, 19),
(20, 22, 20),
(21, 162, 21),
(22, 143, 22),
(23, 97, 23),
(24, 40, 24),
(25, 118, 25),
(26, 40, 26),
(27, 163, 27),
(28, 68, 28),
(29, 17, 29),
(30, 68, 30),
(31, 95, 31),
(32, 125, 32),
(33, 36, 33),
(34, 141, 34),
(35, 179, 35),
(36, 113, 36),
(37, 24, 37),
(38, 106, 38),
(39, 193, 39),
(40, 80, 40),
(41, 21, 41),
(42, 189, 42),
(43, 18, 43),
(44, 163, 44),
(45, 104, 45),
(46, 16, 46),
(47, 93, 47),
(48, 11, 48),
(49, 98, 49),
(50, 82, 50),
(51, 112, 51),
(52, 116, 52),
(53, 109, 53),
(54, 106, 54),
(55, 85, 55),
(56, 186, 56),
(57, 47, 57),
(58, 69, 58),
(59, 22, 59),
(60, 94, 60),
(61, 131, 61),
(62, 96, 62),
(63, 47, 63),
(64, 2, 64),
(65, 70, 65),
(66, 50, 66),
(67, 113, 67),
(68, 153, 68),
(69, 38, 69),
(70, 98, 70),
(71, 30, 71),
(72, 14, 72),
(73, 60, 73),
(74, 5, 74),
(75, 198, 75),
(76, 195, 76),
(77, 174, 77),
(78, 13, 78),
(79, 130, 79),
(80, 85, 80),
(81, 74, 81),
(82, 52, 82),
(83, 116, 83),
(84, 2, 84),
(85, 166, 85),
(86, 38, 86),
(87, 7, 87),
(88, 62, 88),
(89, 95, 89),
(90, 103, 90),
(91, 20, 91),
(92, 140, 92),
(93, 185, 93),
(94, 136, 94),
(95, 189, 95),
(96, 97, 96),
(97, 133, 97),
(98, 18, 98),
(99, 102, 99),
(100, 41, 100),
(101, 169, 101),
(102, 178, 102),
(103, 63, 103),
(104, 130, 104),
(105, 6, 105),
(106, 98, 106),
(107, 95, 107),
(108, 149, 108),
(109, 182, 109),
(110, 75, 110),
(111, 11, 111),
(112, 98, 112),
(113, 182, 113),
(114, 109, 114),
(115, 194, 115),
(116, 138, 116),
(117, 181, 117),
(118, 66, 118),
(119, 75, 119),
(120, 155, 120),
(121, 46, 121),
(122, 148, 122),
(123, 179, 123),
(124, 134, 124),
(125, 34, 125),
(126, 160, 126),
(127, 155, 127),
(128, 23, 128),
(129, 60, 129),
(130, 30, 130),
(131, 121, 131),
(132, 15, 132),
(133, 153, 133),
(134, 147, 134),
(135, 155, 135),
(136, 198, 136),
(137, 113, 137),
(138, 64, 138),
(139, 52, 139),
(140, 35, 140),
(141, 173, 141),
(142, 144, 142),
(143, 55, 143),
(144, 37, 144),
(145, 100, 145),
(146, 185, 146),
(147, 47, 147),
(148, 18, 148),
(149, 53, 149),
(150, 26, 150),
(151, 199, 151),
(152, 85, 152),
(153, 177, 153),
(154, 35, 154),
(155, 28, 155),
(156, 81, 156),
(157, 39, 157),
(158, 177, 158),
(159, 17, 159),
(160, 130, 160),
(161, 186, 161),
(162, 200, 162),
(163, 75, 163),
(164, 22, 164),
(165, 140, 165),
(166, 149, 166),
(167, 147, 167),
(168, 83, 168),
(169, 155, 169),
(170, 133, 170),
(171, 139, 171),
(172, 139, 172),
(173, 81, 173),
(174, 126, 174),
(175, 103, 175),
(176, 197, 176),
(177, 65, 177),
(178, 84, 178),
(179, 187, 179),
(180, 104, 180),
(181, 22, 181),
(182, 182, 182),
(183, 52, 183),
(184, 29, 184),
(185, 127, 185),
(186, 96, 186),
(187, 197, 187),
(188, 117, 188),
(189, 117, 189),
(190, 158, 190),
(191, 62, 191),
(192, 182, 192),
(193, 158, 193),
(194, 85, 194),
(195, 1, 195),
(196, 8, 196),
(197, 158, 197),
(198, 120, 198),
(199, 114, 199),
(200, 13, 200);

-- --------------------------------------------------------

--
-- Table structure for table `test_questions`
--

CREATE TABLE `test_questions` (
  `id` int(10) UNSIGNED NOT NULL,
  `question_id` int(11) NOT NULL,
  `test_id` int(11) NOT NULL
) ENGINE=MyISAM DEFAULT CHARSET=utf8mb4 COLLATE=utf8mb4_unicode_ci;

--
-- Dumping data for table `test_questions`
--

INSERT INTO `test_questions` (`id`, `question_id`, `test_id`) VALUES
(1, 109, 172),
(2, 76, 67),
(3, 117, 196),
(4, 140, 112),
(5, 31, 93),
(6, 107, 48),
(7, 185, 33),
(8, 139, 190),
(9, 59, 127),
(10, 189, 113),
(11, 133, 197),
(12, 44, 130),
(13, 63, 122),
(14, 87, 23),
(15, 92, 21),
(16, 193, 68),
(17, 27, 50),
(18, 141, 25),
(19, 153, 106),
(20, 114, 73),
(21, 110, 111),
(22, 12, 61),
(23, 141, 48),
(24, 131, 74),
(25, 178, 3),
(26, 135, 119),
(27, 162, 153),
(28, 183, 31),
(29, 23, 178),
(30, 188, 131),
(31, 133, 109),
(32, 65, 188),
(33, 12, 107),
(34, 89, 50),
(35, 7, 180),
(36, 89, 24),
(37, 68, 1),
(38, 40, 188),
(39, 135, 67),
(40, 148, 82),
(41, 163, 175),
(42, 106, 165),
(43, 44, 120),
(44, 182, 56),
(45, 133, 83),
(46, 159, 96),
(47, 106, 134),
(48, 143, 124),
(49, 130, 98),
(50, 189, 33),
(51, 116, 186),
(52, 38, 58),
(53, 171, 67),
(54, 12, 11),
(55, 119, 111),
(56, 167, 158),
(57, 44, 160),
(58, 138, 62),
(59, 128, 177),
(60, 65, 94),
(61, 19, 100),
(62, 29, 101),
(63, 188, 164),
(64, 144, 157),
(65, 17, 19),
(66, 161, 9),
(67, 26, 118),
(68, 23, 70),
(69, 167, 85),
(70, 55, 59),
(71, 54, 110),
(72, 93, 99),
(73, 99, 29),
(74, 115, 38),
(75, 28, 143),
(76, 174, 125),
(77, 40, 182),
(78, 132, 173),
(79, 22, 85),
(80, 12, 169),
(81, 41, 183),
(82, 8, 95),
(83, 182, 76),
(84, 59, 148),
(85, 173, 93),
(86, 22, 14),
(87, 198, 85),
(88, 9, 148),
(89, 103, 17),
(90, 31, 72),
(91, 75, 176),
(92, 86, 115),
(93, 188, 16),
(94, 58, 171),
(95, 54, 124),
(96, 26, 176),
(97, 121, 138),
(98, 123, 74),
(99, 14, 150),
(100, 95, 138),
(101, 39, 58),
(102, 142, 104),
(103, 75, 183),
(104, 102, 200),
(105, 29, 87),
(106, 91, 151),
(107, 55, 143),
(108, 190, 107),
(109, 172, 48),
(110, 163, 163),
(111, 3, 89),
(112, 96, 184),
(113, 197, 73),
(114, 87, 15),
(115, 130, 143),
(116, 130, 154),
(117, 151, 74),
(118, 11, 130),
(119, 132, 12),
(120, 101, 12),
(121, 138, 124),
(122, 199, 138),
(123, 13, 148),
(124, 123, 180),
(125, 23, 35),
(126, 21, 157),
(127, 73, 181),
(128, 134, 175),
(129, 71, 22),
(130, 41, 90),
(131, 180, 138),
(132, 95, 194),
(133, 200, 163),
(134, 137, 35),
(135, 59, 138),
(136, 7, 73),
(137, 7, 36),
(138, 77, 85),
(139, 193, 107),
(140, 12, 143),
(141, 159, 143),
(142, 176, 49),
(143, 151, 32),
(144, 66, 28),
(145, 100, 17),
(146, 181, 194),
(147, 177, 197),
(148, 42, 35),
(149, 78, 183),
(150, 37, 134),
(151, 36, 48),
(152, 12, 125),
(153, 142, 106),
(154, 17, 168),
(155, 149, 70),
(156, 114, 183),
(157, 98, 78),
(158, 35, 145),
(159, 194, 148),
(160, 69, 4),
(161, 182, 15),
(162, 135, 157),
(163, 132, 81),
(164, 153, 154),
(165, 161, 148),
(166, 137, 167),
(167, 183, 123),
(168, 143, 76),
(169, 106, 51),
(170, 166, 28),
(171, 95, 104),
(172, 96, 115),
(173, 148, 8),
(174, 129, 177),
(175, 182, 93),
(176, 42, 144),
(177, 22, 52),
(178, 136, 17),
(179, 132, 17),
(180, 103, 123),
(181, 158, 169),
(182, 181, 137),
(183, 97, 183),
(184, 148, 168),
(185, 1, 166),
(186, 160, 40),
(187, 30, 61),
(188, 173, 58),
(189, 98, 9),
(190, 86, 83),
(191, 5, 124),
(192, 138, 131),
(193, 100, 49),
(194, 186, 139),
(195, 105, 149),
(196, 108, 15),
(197, 198, 198),
(198, 3, 53),
(199, 39, 168),
(200, 125, 159),
(201, 9, 180),
(202, 54, 148),
(203, 174, 79),
(204, 9, 130),
(205, 141, 65),
(206, 113, 28),
(207, 63, 191),
(208, 85, 74),
(209, 40, 56),
(210, 131, 177),
(211, 190, 17),
(212, 193, 164),
(213, 181, 106),
(214, 75, 141),
(215, 83, 110),
(216, 63, 33),
(217, 192, 1),
(218, 12, 51),
(219, 69, 61),
(220, 52, 69),
(221, 76, 113),
(222, 139, 75),
(223, 148, 54),
(224, 35, 168),
(225, 60, 3),
(226, 68, 18),
(227, 35, 79),
(228, 101, 171),
(229, 197, 102),
(230, 6, 91),
(231, 196, 24),
(232, 35, 173),
(233, 75, 8),
(234, 154, 178),
(235, 84, 84),
(236, 7, 1),
(237, 161, 23),
(238, 87, 147),
(239, 5, 41),
(240, 7, 161),
(241, 129, 80),
(242, 89, 167),
(243, 122, 74),
(244, 80, 161),
(245, 152, 146),
(246, 76, 78),
(247, 137, 147),
(248, 33, 83),
(249, 48, 22),
(250, 59, 4),
(251, 167, 85),
(252, 77, 19),
(253, 1, 75),
(254, 136, 125),
(255, 30, 12),
(256, 185, 71),
(257, 81, 82),
(258, 42, 136),
(259, 43, 50),
(260, 98, 49),
(261, 37, 151),
(262, 199, 57),
(263, 60, 154),
(264, 75, 167),
(265, 137, 8),
(266, 21, 180),
(267, 180, 167),
(268, 52, 133),
(269, 149, 40),
(270, 174, 104),
(271, 76, 44),
(272, 56, 22),
(273, 152, 176),
(274, 98, 69),
(275, 39, 75),
(276, 123, 151),
(277, 57, 67),
(278, 6, 50),
(279, 93, 181),
(280, 114, 78),
(281, 33, 149),
(282, 182, 75),
(283, 117, 83),
(284, 78, 20),
(285, 49, 34),
(286, 1, 77),
(287, 79, 162),
(288, 151, 2),
(289, 195, 41),
(290, 121, 78),
(291, 64, 108),
(292, 161, 155),
(293, 79, 99),
(294, 119, 129),
(295, 82, 117),
(296, 111, 126),
(297, 148, 17),
(298, 7, 19),
(299, 161, 113),
(300, 121, 56),
(301, 175, 61),
(302, 1, 6),
(303, 32, 10),
(304, 36, 49),
(305, 101, 75),
(306, 96, 195),
(307, 192, 42),
(308, 134, 87),
(309, 125, 1),
(310, 113, 158),
(311, 120, 102),
(312, 129, 95),
(313, 35, 53),
(314, 180, 153),
(315, 46, 137),
(316, 112, 151),
(317, 186, 111),
(318, 57, 147),
(319, 6, 38),
(320, 148, 38),
(321, 191, 38),
(322, 165, 87),
(323, 65, 67),
(324, 172, 22),
(325, 82, 121),
(326, 19, 12),
(327, 8, 53),
(328, 45, 24),
(329, 113, 24),
(330, 59, 99),
(331, 98, 120),
(332, 73, 189),
(333, 33, 29),
(334, 177, 78),
(335, 33, 182),
(336, 130, 155),
(337, 25, 198),
(338, 12, 62),
(339, 85, 137),
(340, 82, 74),
(341, 142, 74),
(342, 27, 97),
(343, 158, 181),
(344, 112, 89),
(345, 27, 142),
(346, 70, 184),
(347, 69, 27),
(348, 136, 80),
(349, 75, 128),
(350, 101, 15),
(351, 61, 54),
(352, 112, 149),
(353, 188, 74),
(354, 179, 95),
(355, 26, 61),
(356, 16, 12),
(357, 88, 92),
(358, 161, 53),
(359, 153, 83),
(360, 32, 45),
(361, 70, 65),
(362, 197, 42),
(363, 44, 178),
(364, 123, 89),
(365, 81, 54),
(366, 129, 157),
(367, 93, 167),
(368, 118, 147),
(369, 180, 110),
(370, 106, 189),
(371, 165, 29),
(372, 76, 175),
(373, 140, 141),
(374, 141, 12),
(375, 86, 81),
(376, 64, 18),
(377, 144, 4),
(378, 25, 86),
(379, 178, 175),
(380, 174, 152),
(381, 177, 77),
(382, 122, 101),
(383, 97, 49),
(384, 57, 153),
(385, 186, 196),
(386, 62, 112),
(387, 138, 39),
(388, 185, 1),
(389, 148, 116),
(390, 76, 180),
(391, 181, 70),
(392, 158, 22),
(393, 25, 149),
(394, 155, 61),
(395, 187, 111),
(396, 73, 108),
(397, 125, 40),
(398, 83, 164),
(399, 30, 138),
(400, 25, 26),
(401, 10, 27),
(402, 91, 34),
(403, 57, 183),
(404, 58, 56),
(405, 141, 97),
(406, 13, 28),
(407, 136, 67),
(408, 105, 10),
(409, 83, 69),
(410, 67, 174),
(411, 136, 17),
(412, 135, 174),
(413, 70, 22),
(414, 192, 95),
(415, 16, 28),
(416, 74, 153),
(417, 118, 17),
(418, 183, 14),
(419, 1, 31),
(420, 43, 160),
(421, 73, 173),
(422, 95, 18),
(423, 72, 122),
(424, 34, 30),
(425, 38, 158),
(426, 164, 31),
(427, 107, 44),
(428, 111, 94),
(429, 66, 175),
(430, 42, 106),
(431, 27, 115),
(432, 105, 131),
(433, 64, 3),
(434, 11, 26),
(435, 141, 139),
(436, 142, 41),
(437, 19, 183),
(438, 104, 57),
(439, 122, 63),
(440, 30, 147),
(441, 99, 7),
(442, 46, 102),
(443, 150, 4),
(444, 168, 114),
(445, 94, 161),
(446, 54, 72),
(447, 16, 37),
(448, 84, 96),
(449, 10, 69),
(450, 31, 175),
(451, 50, 101),
(452, 192, 131),
(453, 129, 181),
(454, 132, 127),
(455, 188, 96),
(456, 13, 65),
(457, 10, 107),
(458, 50, 24),
(459, 126, 117),
(460, 15, 29),
(461, 12, 164),
(462, 148, 167),
(463, 62, 4),
(464, 23, 98),
(465, 134, 146),
(466, 27, 4),
(467, 30, 19),
(468, 28, 197),
(469, 192, 87),
(470, 150, 171),
(471, 16, 149),
(472, 31, 197),
(473, 101, 5),
(474, 80, 28),
(475, 183, 157),
(476, 165, 67),
(477, 178, 171),
(478, 41, 81),
(479, 78, 108),
(480, 109, 131),
(481, 141, 13),
(482, 112, 189),
(483, 85, 11),
(484, 63, 31),
(485, 19, 189),
(486, 113, 197),
(487, 58, 3),
(488, 178, 175),
(489, 26, 11),
(490, 31, 154),
(491, 141, 170),
(492, 12, 57),
(493, 58, 174),
(494, 181, 38),
(495, 34, 81),
(496, 157, 49),
(497, 149, 164),
(498, 36, 127),
(499, 73, 119),
(500, 173, 48);

-- --------------------------------------------------------

--
-- Table structure for table `test_types`
--

CREATE TABLE `test_types` (
  `id` int(10) UNSIGNED NOT NULL,
  `test_id` int(11) NOT NULL,
  `free_mcq` tinyint(1) DEFAULT '0',
  `advance_mcq` tinyint(1) DEFAULT '0',
  `paid_test` tinyint(1) DEFAULT '0'
) ENGINE=MyISAM DEFAULT CHARSET=utf8mb4 COLLATE=utf8mb4_unicode_ci;

--
-- Dumping data for table `test_types`
--

INSERT INTO `test_types` (`id`, `test_id`, `free_mcq`, `advance_mcq`, `paid_test`) VALUES
(1, 1, 1, 1, 0),
(2, 2, 0, 0, 0),
(3, 3, 0, 0, 1),
(4, 4, 0, 0, 0),
(5, 5, 0, 1, 1),
(6, 6, 1, 1, 1),
(7, 7, 0, 0, 0),
(8, 8, 0, 0, 0),
(9, 9, 0, 0, 0),
(10, 10, 0, 0, 0),
(11, 11, 0, 0, 1),
(12, 12, 1, 0, 1),
(13, 13, 1, 0, 1),
(14, 14, 1, 1, 1),
(15, 15, 0, 1, 1),
(16, 16, 1, 1, 1),
(17, 17, 0, 1, 0),
(18, 18, 1, 1, 1),
(19, 19, 1, 1, 1),
(20, 20, 1, 0, 1),
(21, 21, 1, 1, 0),
(22, 22, 0, 1, 0),
(23, 23, 0, 1, 0),
(24, 24, 0, 0, 0),
(25, 25, 0, 0, 1),
(26, 26, 0, 0, 0),
(27, 27, 1, 1, 1),
(28, 28, 1, 1, 0),
(29, 29, 0, 0, 1),
(30, 30, 0, 1, 0),
(31, 31, 0, 1, 1),
(32, 32, 0, 0, 1),
(33, 33, 1, 0, 0),
(34, 34, 0, 0, 1),
(35, 35, 1, 0, 1),
(36, 36, 0, 1, 1),
(37, 37, 1, 1, 0),
(38, 38, 1, 1, 1),
(39, 39, 1, 1, 0),
(40, 40, 0, 0, 1),
(41, 41, 1, 0, 0),
(42, 42, 1, 0, 1),
(43, 43, 0, 0, 1),
(44, 44, 1, 0, 1),
(45, 45, 1, 1, 1),
(46, 46, 0, 0, 1),
(47, 47, 1, 1, 1),
(48, 48, 0, 1, 1),
(49, 49, 1, 1, 0),
(50, 50, 0, 1, 0),
(51, 51, 0, 1, 1),
(52, 52, 1, 0, 1),
(53, 53, 0, 0, 0),
(54, 54, 1, 1, 0),
(55, 55, 0, 0, 1),
(56, 56, 0, 0, 1),
(57, 57, 0, 0, 1),
(58, 58, 1, 0, 1),
(59, 59, 0, 1, 1),
(60, 60, 1, 0, 0),
(61, 61, 0, 0, 0),
(62, 62, 0, 1, 0),
(63, 63, 1, 0, 1),
(64, 64, 0, 0, 0),
(65, 65, 1, 0, 1),
(66, 66, 1, 0, 1),
(67, 67, 1, 0, 1),
(68, 68, 0, 0, 1),
(69, 69, 0, 1, 0),
(70, 70, 1, 1, 0),
(71, 71, 1, 0, 1),
(72, 72, 1, 0, 0),
(73, 73, 1, 1, 1),
(74, 74, 0, 1, 0),
(75, 75, 0, 0, 0),
(76, 76, 0, 0, 1),
(77, 77, 0, 0, 1),
(78, 78, 0, 1, 1),
(79, 79, 1, 1, 1),
(80, 80, 1, 0, 1),
(81, 81, 1, 0, 1),
(82, 82, 1, 1, 1),
(83, 83, 0, 0, 1),
(84, 84, 0, 0, 0),
(85, 85, 0, 1, 0),
(86, 86, 1, 1, 0),
(87, 87, 0, 1, 1),
(88, 88, 0, 0, 0),
(89, 89, 1, 0, 0),
(90, 90, 1, 1, 1),
(91, 91, 1, 0, 1),
(92, 92, 1, 1, 0),
(93, 93, 0, 1, 1),
(94, 94, 0, 1, 1),
(95, 95, 1, 1, 0),
(96, 96, 0, 1, 1),
(97, 97, 0, 0, 1),
(98, 98, 0, 0, 0),
(99, 99, 1, 0, 1),
(100, 100, 1, 1, 0),
(101, 101, 0, 0, 0),
(102, 102, 1, 0, 1),
(103, 103, 1, 1, 0),
(104, 104, 1, 1, 1),
(105, 105, 1, 1, 0),
(106, 106, 0, 1, 1),
(107, 107, 1, 1, 0),
(108, 108, 0, 0, 0),
(109, 109, 0, 1, 0),
(110, 110, 1, 0, 1),
(111, 111, 1, 1, 1),
(112, 112, 0, 0, 0),
(113, 113, 0, 1, 0),
(114, 114, 0, 0, 0),
(115, 115, 0, 0, 0),
(116, 116, 1, 1, 1),
(117, 117, 1, 1, 0),
(118, 118, 0, 1, 0),
(119, 119, 0, 1, 0),
(120, 120, 1, 1, 0),
(121, 121, 0, 1, 0),
(122, 122, 0, 1, 1),
(123, 123, 0, 1, 1),
(124, 124, 1, 0, 0),
(125, 125, 1, 1, 1),
(126, 126, 1, 0, 0),
(127, 127, 0, 1, 1),
(128, 128, 0, 1, 1),
(129, 129, 0, 0, 0),
(130, 130, 0, 1, 1),
(131, 131, 1, 1, 0),
(132, 132, 1, 0, 0),
(133, 133, 1, 0, 1),
(134, 134, 0, 1, 0),
(135, 135, 1, 0, 0),
(136, 136, 0, 0, 0),
(137, 137, 0, 0, 1),
(138, 138, 0, 1, 1),
(139, 139, 1, 0, 0),
(140, 140, 1, 0, 0),
(141, 141, 0, 1, 0),
(142, 142, 1, 0, 0),
(143, 143, 1, 1, 1),
(144, 144, 0, 0, 0),
(145, 145, 1, 0, 1),
(146, 146, 0, 0, 0),
(147, 147, 1, 0, 1),
(148, 148, 0, 0, 0),
(149, 149, 0, 1, 0),
(150, 150, 1, 0, 0),
(151, 151, 1, 1, 1),
(152, 152, 0, 0, 0),
(153, 153, 1, 1, 0),
(154, 154, 0, 1, 0),
(155, 155, 1, 1, 1),
(156, 156, 1, 1, 0),
(157, 157, 0, 0, 1),
(158, 158, 1, 0, 0),
(159, 159, 0, 0, 0),
(160, 160, 0, 0, 1),
(161, 161, 1, 1, 0),
(162, 162, 1, 1, 1),
(163, 163, 0, 1, 1),
(164, 164, 0, 1, 0),
(165, 165, 0, 0, 1),
(166, 166, 1, 0, 1),
(167, 167, 0, 1, 1),
(168, 168, 0, 0, 1),
(169, 169, 0, 1, 1),
(170, 170, 0, 1, 0),
(171, 171, 0, 0, 0),
(172, 172, 0, 1, 1),
(173, 173, 1, 1, 1),
(174, 174, 1, 1, 1),
(175, 175, 0, 1, 0),
(176, 176, 0, 1, 1),
(177, 177, 1, 0, 1),
(178, 178, 0, 0, 0),
(179, 179, 1, 1, 0),
(180, 180, 0, 0, 0),
(181, 181, 0, 1, 0),
(182, 182, 0, 0, 1),
(183, 183, 1, 0, 0),
(184, 184, 0, 1, 1),
(185, 185, 0, 1, 0),
(186, 186, 0, 0, 1),
(187, 187, 0, 0, 0),
(188, 188, 0, 0, 1),
(189, 189, 1, 0, 0),
(190, 190, 0, 0, 1),
(191, 191, 0, 1, 0),
(192, 192, 0, 1, 0),
(193, 193, 1, 1, 0),
(194, 194, 0, 1, 0),
(195, 195, 0, 1, 0),
(196, 196, 0, 1, 1),
(197, 197, 1, 1, 1),
(198, 198, 1, 0, 1),
(199, 199, 1, 0, 0),
(200, 200, 0, 1, 1);

-- --------------------------------------------------------

--
-- Table structure for table `users`
--

CREATE TABLE `users` (
  `id` int(10) UNSIGNED NOT NULL,
  `name` varchar(191) COLLATE utf8mb4_unicode_ci NOT NULL,
  `email` varchar(191) COLLATE utf8mb4_unicode_ci NOT NULL,
  `password` varchar(191) COLLATE utf8mb4_unicode_ci NOT NULL,
  `remember_token` varchar(100) COLLATE utf8mb4_unicode_ci DEFAULT NULL,
  `created_at` timestamp NULL DEFAULT NULL,
  `updated_at` timestamp NULL DEFAULT NULL
) ENGINE=MyISAM DEFAULT CHARSET=utf8mb4 COLLATE=utf8mb4_unicode_ci;

-- --------------------------------------------------------

--
-- Table structure for table `user_given_answers`
--

CREATE TABLE `user_given_answers` (
  `id` int(10) UNSIGNED NOT NULL,
  `chapter_id` int(11) NOT NULL,
  `question_id` int(11) NOT NULL,
  `answer_id` int(11) NOT NULL,
  `answered_status` tinyint(1) NOT NULL,
  `answered` tinyint(1) NOT NULL,
  `marked` tinyint(1) DEFAULT '0',
  `user_id` int(11) NOT NULL,
  `created_at` timestamp NULL DEFAULT NULL,
  `updated_at` timestamp NULL DEFAULT NULL
) ENGINE=MyISAM DEFAULT CHARSET=utf8mb4 COLLATE=utf8mb4_unicode_ci;

--
-- Indexes for dumped tables
--

--
-- Indexes for table `answers`
--
ALTER TABLE `answers`
  ADD PRIMARY KEY (`id`);

--
-- Indexes for table `chapters`
--
ALTER TABLE `chapters`
  ADD PRIMARY KEY (`id`);

--
-- Indexes for table `logindetails`
--
ALTER TABLE `logindetails`
  ADD PRIMARY KEY (`id`);

--
-- Indexes for table `migrations`
--
ALTER TABLE `migrations`
  ADD PRIMARY KEY (`id`);

--
-- Indexes for table `packages`
--
ALTER TABLE `packages`
  ADD PRIMARY KEY (`id`);

--
-- Indexes for table `paid_tests`
--
ALTER TABLE `paid_tests`
  ADD PRIMARY KEY (`id`);

--
-- Indexes for table `password_resets`
--
ALTER TABLE `password_resets`
  ADD KEY `password_resets_email_index` (`email`);

--
-- Indexes for table `profiles`
--
ALTER TABLE `profiles`
  ADD PRIMARY KEY (`id`);

--
-- Indexes for table `questions`
--
ALTER TABLE `questions`
  ADD PRIMARY KEY (`id`);

--
-- Indexes for table `q_videos`
--
ALTER TABLE `q_videos`
  ADD PRIMARY KEY (`id`);

--
-- Indexes for table `subjects`
--
ALTER TABLE `subjects`
  ADD PRIMARY KEY (`id`);

--
-- Indexes for table `tests`
--
ALTER TABLE `tests`
  ADD PRIMARY KEY (`id`);

--
-- Indexes for table `test_for_tests`
--
ALTER TABLE `test_for_tests`
  ADD PRIMARY KEY (`id`);

--
-- Indexes for table `test_questions`
--
ALTER TABLE `test_questions`
  ADD PRIMARY KEY (`id`);

--
-- Indexes for table `test_types`
--
ALTER TABLE `test_types`
  ADD PRIMARY KEY (`id`);

--
-- Indexes for table `users`
--
ALTER TABLE `users`
  ADD PRIMARY KEY (`id`),
  ADD UNIQUE KEY `users_email_unique` (`email`);

--
-- Indexes for table `user_given_answers`
--
ALTER TABLE `user_given_answers`
  ADD PRIMARY KEY (`id`);

--
-- AUTO_INCREMENT for dumped tables
--

--
-- AUTO_INCREMENT for table `answers`
--
ALTER TABLE `answers`
  MODIFY `id` int(10) UNSIGNED NOT NULL AUTO_INCREMENT, AUTO_INCREMENT=201;

--
-- AUTO_INCREMENT for table `chapters`
--
ALTER TABLE `chapters`
  MODIFY `id` int(10) UNSIGNED NOT NULL AUTO_INCREMENT, AUTO_INCREMENT=201;

--
-- AUTO_INCREMENT for table `logindetails`
--
ALTER TABLE `logindetails`
  MODIFY `id` int(10) UNSIGNED NOT NULL AUTO_INCREMENT;

--
-- AUTO_INCREMENT for table `migrations`
--
ALTER TABLE `migrations`
  MODIFY `id` int(10) UNSIGNED NOT NULL AUTO_INCREMENT, AUTO_INCREMENT=17;

--
-- AUTO_INCREMENT for table `packages`
--
ALTER TABLE `packages`
  MODIFY `id` int(10) UNSIGNED NOT NULL AUTO_INCREMENT;

--
-- AUTO_INCREMENT for table `paid_tests`
--
ALTER TABLE `paid_tests`
  MODIFY `id` int(10) UNSIGNED NOT NULL AUTO_INCREMENT;

--
-- AUTO_INCREMENT for table `profiles`
--
ALTER TABLE `profiles`
  MODIFY `id` int(10) UNSIGNED NOT NULL AUTO_INCREMENT;

--
-- AUTO_INCREMENT for table `questions`
--
ALTER TABLE `questions`
  MODIFY `id` int(10) UNSIGNED NOT NULL AUTO_INCREMENT, AUTO_INCREMENT=201;

--
-- AUTO_INCREMENT for table `q_videos`
--
ALTER TABLE `q_videos`
  MODIFY `id` int(10) UNSIGNED NOT NULL AUTO_INCREMENT;

--
-- AUTO_INCREMENT for table `subjects`
--
ALTER TABLE `subjects`
  MODIFY `id` int(10) UNSIGNED NOT NULL AUTO_INCREMENT, AUTO_INCREMENT=201;

--
-- AUTO_INCREMENT for table `tests`
--
ALTER TABLE `tests`
  MODIFY `id` int(10) UNSIGNED NOT NULL AUTO_INCREMENT, AUTO_INCREMENT=201;

--
-- AUTO_INCREMENT for table `test_for_tests`
--
ALTER TABLE `test_for_tests`
  MODIFY `id` int(10) UNSIGNED NOT NULL AUTO_INCREMENT, AUTO_INCREMENT=201;

--
-- AUTO_INCREMENT for table `test_questions`
--
ALTER TABLE `test_questions`
  MODIFY `id` int(10) UNSIGNED NOT NULL AUTO_INCREMENT, AUTO_INCREMENT=501;

--
-- AUTO_INCREMENT for table `test_types`
--
ALTER TABLE `test_types`
  MODIFY `id` int(10) UNSIGNED NOT NULL AUTO_INCREMENT, AUTO_INCREMENT=201;

--
-- AUTO_INCREMENT for table `users`
--
ALTER TABLE `users`
  MODIFY `id` int(10) UNSIGNED NOT NULL AUTO_INCREMENT;

--
-- AUTO_INCREMENT for table `user_given_answers`
--
ALTER TABLE `user_given_answers`
  MODIFY `id` int(10) UNSIGNED NOT NULL AUTO_INCREMENT;
COMMIT;

/*!40101 SET CHARACTER_SET_CLIENT=@OLD_CHARACTER_SET_CLIENT */;
/*!40101 SET CHARACTER_SET_RESULTS=@OLD_CHARACTER_SET_RESULTS */;
/*!40101 SET COLLATION_CONNECTION=@OLD_COLLATION_CONNECTION */;
